-- Insert sample users
INSERT INTO Users (id, username, email, password, role, createdAt) VALUES
('U001', 'john_doe', 'john@example.com', 'hashed_pw1', 'Admin', CURRENT_TIMESTAMP),
('U002', 'jane_smith', 'jane@example.com', 'hashed_pw2', 'Leader', CURRENT_TIMESTAMP),
('U003', 'bob_wilson', 'bob@example.com', 'hashed_pw3', 'Member', CURRENT_TIMESTAMP),
('U004', 'alice_johnson', 'alice@example.com', 'hashed_pw4', 'Member', CURRENT_TIMESTAMP),
('U005', 'charlie_brown', 'charlie@example.com', 'hashed_pw5', 'Leader', CURRENT_TIMESTAMP),
('U006', 'diana_prince', 'diana@example.com', 'hashed_pw6', 'Member', CURRENT_TIMESTAMP),
('U007', 'bruce_wayne', 'bruce.wayne@example.com', 'hashed_pw7', 'Leader', CURRENT_TIMESTAMP),
('U008', 'clark_kent', 'clark@example.com', 'hashed_pw8', 'Member', CURRENT_TIMESTAMP),
('U009', 'peter_parker', 'peter@example.com', 'hashed_pw9', 'Member', CURRENT_TIMESTAMP),
('U010', 'tony_stark', 'tony@example.com', 'hashed_pw10', 'Leader', CURRENT_TIMESTAMP),
('U011', 'steve_rogers', 'steve@example.com', 'hashed_pw11', 'Member', CURRENT_TIMESTAMP),
('U012', 'natasha_romanoff', 'natasha@example.com', 'hashed_pw12', 'Member', CURRENT_TIMESTAMP),
('U013', 'thor_odinson', 'thor@example.com', 'hashed_pw13', 'Leader', CURRENT_TIMESTAMP),
('U014', 'bruce_banner', 'bruce.banner@example.com', 'hashed_pw14', 'Member', CURRENT_TIMESTAMP),
('U015', 'wanda_maximoff', 'wanda@example.com', 'hashed_pw15', 'Member', CURRENT_TIMESTAMP),
('U016', 'vision', 'vision@example.com', 'hashed_pw16', 'Leader', CURRENT_TIMESTAMP),
('U017', 'sam_wilson', 'sam@example.com', 'hashed_pw17', 'Member', CURRENT_TIMESTAMP),
('U018', 'bucky_barnes', 'bucky@example.com', 'hashed_pw18', 'Member', CURRENT_TIMESTAMP),
('U019', 'stephen_strange', 'strange@example.com', 'hashed_pw19', 'Leader', CURRENT_TIMESTAMP),
('U020', 'wong', 'wong@example.com', 'hashed_pw20', 'Member', CURRENT_TIMESTAMP),
('U021', 'carol_danvers', 'carol@example.com', 'hashed_pw21', 'Leader', CURRENT_TIMESTAMP),
('U022', 'monica_rambeau', 'monica@example.com', 'hashed_pw22', 'Member', CURRENT_TIMESTAMP),
('U023', 'kamala_khan', 'kamala@example.com', 'hashed_pw23', 'Member', CURRENT_TIMESTAMP),
('U024', 'peter_quill', 'quill@example.com', 'hashed_pw24', 'Leader', CURRENT_TIMESTAMP),
('U025', 'gamora', 'gamora@example.com', 'hashed_pw25', 'Member', CURRENT_TIMESTAMP),
('U026', 'drax', 'drax@example.com', 'hashed_pw26', 'Member', CURRENT_TIMESTAMP),
('U027', 'rocket', 'rocket@example.com', 'hashed_pw27', 'Leader', CURRENT_TIMESTAMP),
('U028', 'groot', 'groot@example.com', 'hashed_pw28', 'Member', CURRENT_TIMESTAMP),
('U029', 'mantis', 'mantis@example.com', 'hashed_pw29', 'Member', CURRENT_TIMESTAMP),
('U030', 'nebula', 'nebula@example.com', 'hashed_pw30', 'Leader', CURRENT_TIMESTAMP),
('U031', 'loki', 'loki@example.com', 'hashed_pw31', 'Member', CURRENT_TIMESTAMP),
('U032', 'valkyrie', 'valkyrie@example.com', 'hashed_pw32', 'Member', CURRENT_TIMESTAMP),
('U033', 'korg', 'korg@example.com', 'hashed_pw33', 'Leader', CURRENT_TIMESTAMP),
('U034', 'miek', 'miek@example.com', 'hashed_pw34', 'Member', CURRENT_TIMESTAMP),
('U035', 'heimdall', 'heimdall@example.com', 'hashed_pw35', 'Member', CURRENT_TIMESTAMP),
('U036', 'frigga', 'frigga@example.com', 'hashed_pw36', 'Leader', CURRENT_TIMESTAMP),
('U037', 'odin', 'odin@example.com', 'hashed_pw37', 'Member', CURRENT_TIMESTAMP),
('U038', 'laufey', 'laufey@example.com', 'hashed_pw38', 'Member', CURRENT_TIMESTAMP),
('U039', 'thanos', 'thanos@example.com', 'hashed_pw39', 'Leader', CURRENT_TIMESTAMP),
('U040', 'ebony_maw', 'maw@example.com', 'hashed_pw40', 'Member', CURRENT_TIMESTAMP);

-- Insert sample workspaces
INSERT INTO Workspaces (id, name, description, owner_id, color, status, createdAt, updatedAt) VALUES
('W001', 'Tech Solutions', 'Workspace cho team phát triển công nghệ', 'U001', '#3B82F6', 'Active', CURRENT_TIMESTAMP, CURRENT_TIMESTAMP),
('W002', 'Marketing Team', 'Workspace cho team marketing và truyền thông', 'U002', '#EF4444', 'Active', CURRENT_TIMESTAMP, CURRENT_TIMESTAMP),
('W003', 'Design Studio', 'Workspace cho team thiết kế và UI/UX', 'U007', '#10B981', 'Active', CURRENT_TIMESTAMP, CURRENT_TIMESTAMP),
('W004', 'Data Analytics', 'Workspace cho team phân tích dữ liệu', 'U010', '#8B5CF6', 'Active', CURRENT_TIMESTAMP, CURRENT_TIMESTAMP),
('W005', 'DevOps Team', 'Workspace cho team DevOps và infrastructure', 'U013', '#F59E0B', 'Active', CURRENT_TIMESTAMP, CURRENT_TIMESTAMP),
('W006', 'QA Testing', 'Workspace cho team kiểm thử chất lượng', 'U016', '#EC4899', 'Active', CURRENT_TIMESTAMP, CURRENT_TIMESTAMP),
('W007', 'Product Management', 'Workspace cho team quản lý sản phẩm', 'U019', '#06B6D4', 'Active', CURRENT_TIMESTAMP, CURRENT_TIMESTAMP),
('W008', 'Customer Support', 'Workspace cho team hỗ trợ khách hàng', 'U021', '#84CC16', 'Active', CURRENT_TIMESTAMP, CURRENT_TIMESTAMP);

-- Insert sample workspace members
INSERT INTO Workspace_Members (id, workspace_id, user_id, role, joined_at, createdAt, updatedAt) VALUES
(1, 'W001', 'U001', 'Leader', CURRENT_TIMESTAMP, CURRENT_TIMESTAMP, CURRENT_TIMESTAMP),
(2, 'W001', 'U002', 'Manager', CURRENT_TIMESTAMP, CURRENT_TIMESTAMP, CURRENT_TIMESTAMP),
(3, 'W001', 'U003', 'Developer', CURRENT_TIMESTAMP, CURRENT_TIMESTAMP, CURRENT_TIMESTAMP),
(4, 'W001', 'U004', 'Developer', CURRENT_TIMESTAMP, CURRENT_TIMESTAMP, CURRENT_TIMESTAMP),
(5, 'W001', 'U005', 'Developer', CURRENT_TIMESTAMP, CURRENT_TIMESTAMP, CURRENT_TIMESTAMP),
(6, 'W002', 'U002', 'Leader', CURRENT_TIMESTAMP, CURRENT_TIMESTAMP, CURRENT_TIMESTAMP),
(7, 'W002', 'U006', 'Manager', CURRENT_TIMESTAMP, CURRENT_TIMESTAMP, CURRENT_TIMESTAMP),
(8, 'W002', 'U007', 'Developer', CURRENT_TIMESTAMP, CURRENT_TIMESTAMP, CURRENT_TIMESTAMP),
(9, 'W002', 'U008', 'Developer', CURRENT_TIMESTAMP, CURRENT_TIMESTAMP, CURRENT_TIMESTAMP),
(10, 'W003', 'U007', 'Leader', CURRENT_TIMESTAMP, CURRENT_TIMESTAMP, CURRENT_TIMESTAMP),
(11, 'W003', 'U009', 'Manager', CURRENT_TIMESTAMP, CURRENT_TIMESTAMP, CURRENT_TIMESTAMP),
(12, 'W003', 'U010', 'Developer', CURRENT_TIMESTAMP, CURRENT_TIMESTAMP, CURRENT_TIMESTAMP),
(13, 'W003', 'U011', 'Developer', CURRENT_TIMESTAMP, CURRENT_TIMESTAMP, CURRENT_TIMESTAMP),
(14, 'W004', 'U010', 'Leader', CURRENT_TIMESTAMP, CURRENT_TIMESTAMP, CURRENT_TIMESTAMP),
(15, 'W004', 'U012', 'Manager', CURRENT_TIMESTAMP, CURRENT_TIMESTAMP, CURRENT_TIMESTAMP),
(16, 'W004', 'U013', 'Developer', CURRENT_TIMESTAMP, CURRENT_TIMESTAMP, CURRENT_TIMESTAMP),
(17, 'W004', 'U014', 'Developer', CURRENT_TIMESTAMP, CURRENT_TIMESTAMP, CURRENT_TIMESTAMP),
(18, 'W005', 'U013', 'Leader', CURRENT_TIMESTAMP, CURRENT_TIMESTAMP, CURRENT_TIMESTAMP),
(19, 'W005', 'U015', 'Manager', CURRENT_TIMESTAMP, CURRENT_TIMESTAMP, CURRENT_TIMESTAMP),
(20, 'W005', 'U016', 'Developer', CURRENT_TIMESTAMP, CURRENT_TIMESTAMP, CURRENT_TIMESTAMP),
(21, 'W005', 'U017', 'Developer', CURRENT_TIMESTAMP, CURRENT_TIMESTAMP, CURRENT_TIMESTAMP),
(22, 'W006', 'U016', 'Leader', CURRENT_TIMESTAMP, CURRENT_TIMESTAMP, CURRENT_TIMESTAMP),
(23, 'W006', 'U018', 'Manager', CURRENT_TIMESTAMP, CURRENT_TIMESTAMP, CURRENT_TIMESTAMP),
(24, 'W006', 'U019', 'Developer', CURRENT_TIMESTAMP, CURRENT_TIMESTAMP, CURRENT_TIMESTAMP),
(25, 'W006', 'U020', 'Developer', CURRENT_TIMESTAMP, CURRENT_TIMESTAMP, CURRENT_TIMESTAMP),
(26, 'W007', 'U019', 'Leader', CURRENT_TIMESTAMP, CURRENT_TIMESTAMP, CURRENT_TIMESTAMP),
(27, 'W007', 'U021', 'Manager', CURRENT_TIMESTAMP, CURRENT_TIMESTAMP, CURRENT_TIMESTAMP),
(28, 'W007', 'U022', 'Developer', CURRENT_TIMESTAMP, CURRENT_TIMESTAMP, CURRENT_TIMESTAMP),
(29, 'W007', 'U023', 'Developer', CURRENT_TIMESTAMP, CURRENT_TIMESTAMP, CURRENT_TIMESTAMP),
(30, 'W008', 'U021', 'Leader', CURRENT_TIMESTAMP, CURRENT_TIMESTAMP, CURRENT_TIMESTAMP),
(31, 'W008', 'U024', 'Manager', CURRENT_TIMESTAMP, CURRENT_TIMESTAMP, CURRENT_TIMESTAMP),
(32, 'W008', 'U025', 'Developer', CURRENT_TIMESTAMP, CURRENT_TIMESTAMP, CURRENT_TIMESTAMP),
(33, 'W008', 'U026', 'Developer', CURRENT_TIMESTAMP, CURRENT_TIMESTAMP, CURRENT_TIMESTAMP);

-- Insert sample projects
INSERT INTO Projects (id, leader_id, workspace_id, name, description, start_date, end_date, status, created_by, createdAt) VALUES
('P001', 'U002', 'W001', 'Website Redesign', 'Thiết kế lại giao diện website', '2024-01-01', '2024-03-31', 'IN Progress', 'U001', CURRENT_TIMESTAMP),
('P002', 'U005', 'W001', 'Mobile App', 'Phát triển ứng dụng di động', '2024-02-01', '2024-05-01', 'Pending', 'U002', CURRENT_TIMESTAMP),
('P003', 'U007', 'W003', 'API Platform', 'Xây dựng nền tảng API', '2024-03-01', '2024-06-01', 'Completed', 'U003', CURRENT_TIMESTAMP),
('P004', 'U010', 'W004', 'Security Audit', 'Kiểm thử bảo mật hệ thống', '2024-04-01', '2024-07-01', 'IN Progress', 'U004', CURRENT_TIMESTAMP),
('P005', 'U013', 'W005', 'Cloud Infra', 'Triển khai hạ tầng cloud', '2024-05-01', '2024-08-01', 'Pending', 'U005', CURRENT_TIMESTAMP),
('P006', 'U016', 'W006', 'Data Migration', 'Di chuyển dữ liệu', '2024-06-01', '2024-09-01', 'IN Progress', 'U006', CURRENT_TIMESTAMP),
('P007', 'U019', 'W007', 'UI/UX Update', 'Cải tiến trải nghiệm người dùng', '2024-07-01', '2024-10-01', 'Completed', 'U007', CURRENT_TIMESTAMP),
('P008', 'U021', 'W008', 'Testing Suite', 'Xây dựng bộ kiểm thử', '2024-08-01', '2024-11-01', 'Pending', 'U008', CURRENT_TIMESTAMP),
('P009', 'U024', 'W001', 'Project Documentation', 'Viết tài liệu dự án', '2024-09-01', '2024-12-01', 'IN Progress', 'U009', CURRENT_TIMESTAMP),
('P010', 'U027', 'W002', 'Performance Optimization', 'Tối ưu hiệu năng', '2024-10-01', '2025-01-01', 'Pending', 'U010', CURRENT_TIMESTAMP),
('P011', 'U030', 'W003', 'Backend API', 'Phát triển API backend', '2024-11-01', '2025-02-01', 'IN Progress', 'U011', CURRENT_TIMESTAMP),
('P012', 'U033', 'W004', 'Frontend Development', 'Phát triển giao diện', '2024-12-01', '2025-03-01', 'Pending', 'U012', CURRENT_TIMESTAMP),
('P013', 'U036', 'W005', 'Database Optimization', 'Tối ưu cơ sở dữ liệu', '2025-01-01', '2025-04-01', 'IN Progress', 'U013', CURRENT_TIMESTAMP),
('P014', 'U039', 'W006', 'Security Enhancement', 'Bảo mật hệ thống', '2025-02-01', '2025-05-01', 'Pending', 'U014', CURRENT_TIMESTAMP),
('P015', 'U002', 'W007', 'Mobile Web App', 'Phát triển web mobile', '2025-03-01', '2025-06-01', 'IN Progress', 'U015', CURRENT_TIMESTAMP),
('P016', 'U005', 'W008', 'Data Analytics', 'Phân tích dữ liệu', '2025-04-01', '2025-07-01', 'Pending', 'U016', CURRENT_TIMESTAMP),
('P017', 'U007', 'W001', 'System Monitoring', 'Giám sát hệ thống', '2025-05-01', '2025-08-01', 'IN Progress', 'U017', CURRENT_TIMESTAMP),
('P018', 'U010', 'W002', 'Data Backup', 'Sao lưu dữ liệu', '2025-06-01', '2025-09-01', 'Pending', 'U018', CURRENT_TIMESTAMP),
('P019', 'U013', 'W003', 'System Deployment', 'Triển khai hệ thống', '2025-07-01', '2025-10-01', 'IN Progress', 'U019', CURRENT_TIMESTAMP),
('P020', 'U016', 'W004', 'System Maintenance', 'Bảo trì hệ thống', '2025-08-01', '2025-11-01', 'Pending', 'U020', CURRENT_TIMESTAMP),
('P021', 'U019', 'W005', 'System Integration', 'Tích hợp hệ thống', '2025-09-01', '2025-12-01', 'IN Progress', 'U021', CURRENT_TIMESTAMP),
('P022', 'U021', 'W006', 'System Testing', 'Kiểm thử hệ thống', '2025-10-01', '2026-01-01', 'Pending', 'U022', CURRENT_TIMESTAMP),
('P023', 'U024', 'W007', 'System Documentation', 'Tài liệu hệ thống', '2025-11-01', '2026-02-01', 'IN Progress', 'U023', CURRENT_TIMESTAMP),
('P024', 'U027', 'W008', 'User Training', 'Đào tạo người dùng', '2025-12-01', '2026-03-01', 'Pending', 'U024', CURRENT_TIMESTAMP),
('P025', 'U030', 'W001', 'User Support', 'Hỗ trợ người dùng', '2026-01-01', '2026-04-01', 'IN Progress', 'U025', CURRENT_TIMESTAMP),
('P026', 'U033', 'W002', 'System Upgrade', 'Nâng cấp hệ thống', '2026-02-01', '2026-05-01', 'Pending', 'U026', CURRENT_TIMESTAMP),
('P027', 'U036', 'W003', 'Data Migration 2', 'Di chuyển dữ liệu', '2026-03-01', '2026-06-01', 'IN Progress', 'U027', CURRENT_TIMESTAMP),
('P028', 'U039', 'W004', 'Security Update', 'Bảo mật dữ liệu', '2026-04-01', '2026-07-01', 'Pending', 'U028', CURRENT_TIMESTAMP),
('P029', 'U002', 'W005', 'System Backup', 'Sao lưu hệ thống', '2026-05-01', '2026-08-01', 'IN Progress', 'U029', CURRENT_TIMESTAMP),
('P030', 'U005', 'W006', 'Data Recovery', 'Khôi phục dữ liệu', '2026-06-01', '2026-09-01', 'Pending', 'U030', CURRENT_TIMESTAMP),
('P031', 'U007', 'W007', 'Performance Monitoring', 'Giám sát hiệu năng', '2026-07-01', '2026-10-01', 'IN Progress', 'U031', CURRENT_TIMESTAMP),
('P032', 'U010', 'W008', 'Performance Analytics', 'Phân tích hiệu năng', '2026-08-01', '2026-11-01', 'Pending', 'U032', CURRENT_TIMESTAMP),
('P033', 'U013', 'W001', 'System Optimization', 'Tối ưu hiệu năng', '2026-09-01', '2026-12-01', 'IN Progress', 'U033', CURRENT_TIMESTAMP),
('P034', 'U016', 'W002', 'System Scaling', 'Mở rộng hệ thống', '2026-10-01', '2027-01-01', 'Pending', 'U034', CURRENT_TIMESTAMP),
('P035', 'U019', 'W003', 'API Integration', 'Tích hợp API', '2026-11-01', '2027-02-01', 'IN Progress', 'U035', CURRENT_TIMESTAMP),
('P036', 'U021', 'W004', 'API Testing', 'Kiểm thử API', '2026-12-01', '2027-03-01', 'Pending', 'U036', CURRENT_TIMESTAMP),
('P037', 'U024', 'W005', 'API Documentation', 'Tài liệu API', '2027-01-01', '2027-04-01', 'IN Progress', 'U037', CURRENT_TIMESTAMP),
('P038', 'U027', 'W006', 'API Training', 'Đào tạo API', '2027-02-01', '2027-05-01', 'Pending', 'U038', CURRENT_TIMESTAMP),
('P039', 'U030', 'W007', 'API Support', 'Hỗ trợ API', '2027-03-01', '2027-06-01', 'IN Progress', 'U039', CURRENT_TIMESTAMP),
('P040', 'U033', 'W008', 'API Maintenance', 'Bảo trì API', '2027-04-01', '2027-07-01', 'Pending', 'U040', CURRENT_TIMESTAMP);

-- Insert sample project members
INSERT INTO Project_Members (id, user_id, project_id, role, joined_at) VALUES
('PM001', 'U001', 'P001', 'Developer', CURRENT_TIMESTAMP),
('PM002', 'U002', 'P001', 'Leader', CURRENT_TIMESTAMP),
('PM003', 'U003', 'P001', 'Manager', CURRENT_TIMESTAMP),
('PM004', 'U004', 'P002', 'Developer', CURRENT_TIMESTAMP),
('PM005', 'U005', 'P002', 'Leader', CURRENT_TIMESTAMP),
('PM006', 'U006', 'P002', 'Manager', CURRENT_TIMESTAMP),
('PM007', 'U007', 'P003', 'Developer', CURRENT_TIMESTAMP),
('PM008', 'U008', 'P003', 'Leader', CURRENT_TIMESTAMP),
('PM009', 'U009', 'P003', 'Manager', CURRENT_TIMESTAMP),
('PM010', 'U010', 'P004', 'Developer', CURRENT_TIMESTAMP),
('PM011', 'U011', 'P004', 'Leader', CURRENT_TIMESTAMP),
('PM012', 'U012', 'P004', 'Manager', CURRENT_TIMESTAMP),
('PM013', 'U013', 'P005', 'Developer', CURRENT_TIMESTAMP),
('PM014', 'U014', 'P005', 'Leader', CURRENT_TIMESTAMP),
('PM015', 'U015', 'P005', 'Manager', CURRENT_TIMESTAMP),
('PM016', 'U016', 'P006', 'Developer', CURRENT_TIMESTAMP),
('PM017', 'U017', 'P006', 'Leader', CURRENT_TIMESTAMP),
('PM018', 'U018', 'P006', 'Manager', CURRENT_TIMESTAMP),
('PM019', 'U019', 'P007', 'Developer', CURRENT_TIMESTAMP),
('PM020', 'U020', 'P007', 'Leader', CURRENT_TIMESTAMP),
('PM021', 'U021', 'P007', 'Manager', CURRENT_TIMESTAMP),
('PM022', 'U022', 'P008', 'Developer', CURRENT_TIMESTAMP),
('PM023', 'U023', 'P008', 'Leader', CURRENT_TIMESTAMP),
('PM024', 'U024', 'P008', 'Manager', CURRENT_TIMESTAMP),
('PM025', 'U025', 'P009', 'Developer', CURRENT_TIMESTAMP),
('PM026', 'U026', 'P009', 'Leader', CURRENT_TIMESTAMP),
('PM027', 'U027', 'P009', 'Manager', CURRENT_TIMESTAMP),
('PM028', 'U028', 'P010', 'Developer', CURRENT_TIMESTAMP),
('PM029', 'U029', 'P010', 'Leader', CURRENT_TIMESTAMP),
('PM030', 'U030', 'P010', 'Manager', CURRENT_TIMESTAMP),
('PM031', 'U031', 'P011', 'Developer', CURRENT_TIMESTAMP),
('PM032', 'U032', 'P011', 'Leader', CURRENT_TIMESTAMP),
('PM033', 'U033', 'P011', 'Manager', CURRENT_TIMESTAMP),
('PM034', 'U034', 'P012', 'Developer', CURRENT_TIMESTAMP),
('PM035', 'U035', 'P012', 'Leader', CURRENT_TIMESTAMP),
('PM036', 'U036', 'P012', 'Manager', CURRENT_TIMESTAMP),
('PM037', 'U037', 'P013', 'Developer', CURRENT_TIMESTAMP),
('PM038', 'U038', 'P013', 'Leader', CURRENT_TIMESTAMP),
('PM039', 'U039', 'P013', 'Manager', CURRENT_TIMESTAMP),
('PM040', 'U040', 'P014', 'Developer', CURRENT_TIMESTAMP);

-- Insert sample tasks
INSERT INTO Tasks (id, project_id, assigned_to, title, description, status, createdAt) VALUES
(1001, 'P001', 'U001', 'Task 1', 'Desc 1', 'TO DO', '2024-01-01'),
(1002, 'P001', 'U002', 'Task 2', 'Desc 2', 'IN Progress', '2024-01-02'),
(1003, 'P001', 'U003', 'Task 3', 'Desc 3', 'Done', '2024-01-03'),
(1004, 'P002', 'U004', 'Task 4', 'Desc 4', 'TO DO', '2024-01-04'),
(1005, 'P002', 'U005', 'Task 5', 'Desc 5', 'IN Progress', '2024-01-05'),
(1006, 'P002', 'U006', 'Task 6', 'Desc 6', 'Done', '2024-01-06'),
(1007, 'P003', 'U007', 'Task 7', 'Desc 7', 'TO DO', '2024-01-07'),
(1008, 'P003', 'U008', 'Task 8', 'Desc 8', 'IN Progress', '2024-01-08'),
(1009, 'P003', 'U009', 'Task 9', 'Desc 9', 'Done', '2024-01-09'),
(1010, 'P004', 'U010', 'Task 10', 'Desc 10', 'TO DO', '2024-01-10'),
(1011, 'P004', 'U011', 'Task 11', 'Desc 11', 'IN Progress', '2024-01-11'),
(1012, 'P004', 'U012', 'Task 12', 'Desc 12', 'Done', '2024-01-12'),
(1013, 'P005', 'U013', 'Task 13', 'Desc 13', 'TO DO', '2024-01-13'),
(1014, 'P005', 'U014', 'Task 14', 'Desc 14', 'IN Progress', '2024-01-14'),
(1015, 'P005', 'U015', 'Task 15', 'Desc 15', 'Done', '2024-01-15'),
(1016, 'P006', 'U016', 'Task 16', 'Desc 16', 'TO DO', '2024-01-16'),
(1017, 'P006', 'U017', 'Task 17', 'Desc 17', 'IN Progress', '2024-01-17'),
(1018, 'P006', 'U018', 'Task 18', 'Desc 18', 'Done', '2024-01-18'),
(1019, 'P007', 'U019', 'Task 19', 'Desc 19', 'TO DO', '2024-01-19'),
(1020, 'P007', 'U020', 'Task 20', 'Desc 20', 'IN Progress', '2024-01-20'),
(1021, 'P008', 'U021', 'Task 21', 'Desc 21', 'Done', '2024-01-21'),
(1022, 'P008', 'U022', 'Task 22', 'Desc 22', 'TO DO', '2024-01-22'),
(1023, 'P008', 'U023', 'Task 23', 'Desc 23', 'IN Progress', '2024-01-23'),
(1024, 'P009', 'U024', 'Task 24', 'Desc 24', 'Done', '2024-01-24'),
(1025, 'P009', 'U025', 'Task 25', 'Desc 25', 'TO DO', '2024-01-25'),
(1026, 'P009', 'U026', 'Task 26', 'Desc 26', 'IN Progress', '2024-01-26'),
(1027, 'P010', 'U027', 'Task 27', 'Desc 27', 'Done', '2024-01-27'),
(1028, 'P010', 'U028', 'Task 28', 'Desc 28', 'TO DO', '2024-01-28'),
(1029, 'P010', 'U029', 'Task 29', 'Desc 29', 'IN Progress', '2024-01-29'),
(1030, 'P011', 'U030', 'Task 30', 'Desc 30', 'Done', '2024-01-30'),
(1031, 'P011', 'U031', 'Task 31', 'Desc 31', 'TO DO', '2024-01-31'),
(1032, 'P011', 'U032', 'Task 32', 'Desc 32', 'IN Progress', '2024-02-01'),
(1033, 'P012', 'U033', 'Task 33', 'Desc 33', 'Done', '2024-02-02'),
(1034, 'P012', 'U034', 'Task 34', 'Desc 34', 'TO DO', '2024-02-03'),
(1035, 'P012', 'U035', 'Task 35', 'Desc 35', 'IN Progress', '2024-02-04'),
(1036, 'P013', 'U036', 'Task 36', 'Desc 36', 'Done', '2024-02-05'),
(1037, 'P013', 'U037', 'Task 37', 'Desc 37', 'TO DO', '2024-02-06'),
(1038, 'P013', 'U038', 'Task 38', 'Desc 38', 'IN Progress', '2024-02-07'),
(1039, 'P014', 'U039', 'Task 39', 'Desc 39', 'Done', '2024-02-08'),
(1040, 'P014', 'U040', 'Task 40', 'Desc 40', 'TO DO', '2024-02-09');

-- Insert sample progress
INSERT INTO Progress (id, project_id, progress, updatedAt) VALUES
(2001, 'P001', 10, CURRENT_TIMESTAMP),
(2002, 'P002', 20, CURRENT_TIMESTAMP),
(2003, 'P003', 30, CURRENT_TIMESTAMP),
(2004, 'P004', 40, CURRENT_TIMESTAMP),
(2005, 'P005', 50, CURRENT_TIMESTAMP),
(2006, 'P006', 60, CURRENT_TIMESTAMP),
(2007, 'P007', 70, CURRENT_TIMESTAMP),
(2008, 'P008', 80, CURRENT_TIMESTAMP),
(2009, 'P009', 90, CURRENT_TIMESTAMP),
(2010, 'P010', 100, CURRENT_TIMESTAMP),
(2011, 'P011', 15, CURRENT_TIMESTAMP),
(2012, 'P012', 25, CURRENT_TIMESTAMP),
(2013, 'P013', 35, CURRENT_TIMESTAMP),
(2014, 'P014', 45, CURRENT_TIMESTAMP),
(2015, 'P015', 55, CURRENT_TIMESTAMP),
(2016, 'P016', 65, CURRENT_TIMESTAMP),
(2017, 'P017', 75, CURRENT_TIMESTAMP),
(2018, 'P018', 85, CURRENT_TIMESTAMP),
(2019, 'P019', 95, CURRENT_TIMESTAMP),
(2020, 'P020', 5, CURRENT_TIMESTAMP),
(2021, 'P021', 12, CURRENT_TIMESTAMP),
(2022, 'P022', 22, CURRENT_TIMESTAMP),
(2023, 'P023', 32, CURRENT_TIMESTAMP),
(2024, 'P024', 42, CURRENT_TIMESTAMP),
(2025, 'P025', 52, CURRENT_TIMESTAMP),
(2026, 'P026', 62, CURRENT_TIMESTAMP),
(2027, 'P027', 72, CURRENT_TIMESTAMP),
(2028, 'P028', 82, CURRENT_TIMESTAMP),
(2029, 'P029', 92, CURRENT_TIMESTAMP),
(2030, 'P030', 2, CURRENT_TIMESTAMP),
(2031, 'P031', 18, CURRENT_TIMESTAMP),
(2032, 'P032', 28, CURRENT_TIMESTAMP),
(2033, 'P033', 38, CURRENT_TIMESTAMP),
(2034, 'P034', 48, CURRENT_TIMESTAMP),
(2035, 'P035', 58, CURRENT_TIMESTAMP),
(2036, 'P036', 68, CURRENT_TIMESTAMP),
(2037, 'P037', 78, CURRENT_TIMESTAMP),
(2038, 'P038', 88, CURRENT_TIMESTAMP),
(2039, 'P039', 98, CURRENT_TIMESTAMP),
(2040, 'P040', 8, CURRENT_TIMESTAMP);

-- Insert sample notifications
INSERT INTO Notifications (id, user_id, message, is_read, createdAt) VALUES
('N001', 'U001', 'Thông báo 1', 'FALSE', CURRENT_TIMESTAMP),
('N002', 'U002', 'Thông báo 2', 'TRUE', CURRENT_TIMESTAMP),
('N003', 'U003', 'Thông báo 3', 'FALSE', CURRENT_TIMESTAMP),
('N004', 'U004', 'Thông báo 4', 'TRUE', CURRENT_TIMESTAMP),
('N005', 'U005', 'Thông báo 5', 'FALSE', CURRENT_TIMESTAMP),
('N006', 'U006', 'Thông báo 6', 'TRUE', CURRENT_TIMESTAMP),
('N007', 'U007', 'Thông báo 7', 'FALSE', CURRENT_TIMESTAMP),
('N008', 'U008', 'Thông báo 8', 'TRUE', CURRENT_TIMESTAMP),
('N009', 'U009', 'Thông báo 9', 'FALSE', CURRENT_TIMESTAMP),
('N010', 'U010', 'Thông báo 10', 'TRUE', CURRENT_TIMESTAMP),
('N011', 'U011', 'Thông báo 11', 'FALSE', CURRENT_TIMESTAMP),
('N012', 'U012', 'Thông báo 12', 'TRUE', CURRENT_TIMESTAMP),
('N013', 'U013', 'Thông báo 13', 'FALSE', CURRENT_TIMESTAMP),
('N014', 'U014', 'Thông báo 14', 'TRUE', CURRENT_TIMESTAMP),
('N015', 'U015', 'Thông báo 15', 'FALSE', CURRENT_TIMESTAMP),
('N016', 'U016', 'Thông báo 16', 'TRUE', CURRENT_TIMESTAMP),
('N017', 'U017', 'Thông báo 17', 'FALSE', CURRENT_TIMESTAMP),
('N018', 'U018', 'Thông báo 18', 'TRUE', CURRENT_TIMESTAMP),
('N019', 'U019', 'Thông báo 19', 'FALSE', CURRENT_TIMESTAMP),
('N020', 'U020', 'Thông báo 20', 'TRUE', CURRENT_TIMESTAMP),
('N021', 'U021', 'Thông báo 21', 'FALSE', CURRENT_TIMESTAMP),
('N022', 'U022', 'Thông báo 22', 'TRUE', CURRENT_TIMESTAMP),
('N023', 'U023', 'Thông báo 23', 'FALSE', CURRENT_TIMESTAMP),
('N024', 'U024', 'Thông báo 24', 'TRUE', CURRENT_TIMESTAMP),
('N025', 'U025', 'Thông báo 25', 'FALSE', CURRENT_TIMESTAMP),
('N026', 'U026', 'Thông báo 26', 'TRUE', CURRENT_TIMESTAMP),
('N027', 'U027', 'Thông báo 27', 'FALSE', CURRENT_TIMESTAMP),
('N028', 'U028', 'Thông báo 28', 'TRUE', CURRENT_TIMESTAMP),
('N029', 'U029', 'Thông báo 29', 'FALSE', CURRENT_TIMESTAMP),
('N030', 'U030', 'Thông báo 30', 'TRUE', CURRENT_TIMESTAMP),
('N031', 'U031', 'Thông báo 31', 'FALSE', CURRENT_TIMESTAMP),
('N032', 'U032', 'Thông báo 32', 'TRUE', CURRENT_TIMESTAMP),
('N033', 'U033', 'Thông báo 33', 'FALSE', CURRENT_TIMESTAMP),
('N034', 'U034', 'Thông báo 34', 'TRUE', CURRENT_TIMESTAMP),
('N035', 'U035', 'Thông báo 35', 'FALSE', CURRENT_TIMESTAMP),
('N036', 'U036', 'Thông báo 36', 'TRUE', CURRENT_TIMESTAMP),
('N037', 'U037', 'Thông báo 37', 'FALSE', CURRENT_TIMESTAMP),
('N038', 'U038', 'Thông báo 38', 'TRUE', CURRENT_TIMESTAMP),
('N039', 'U039', 'Thông báo 39', 'FALSE', CURRENT_TIMESTAMP),
('N040', 'U040', 'Thông báo 40', 'TRUE', CURRENT_TIMESTAMP);

-- Insert sample project predictions
INSERT INTO Project_Prediction (id, project_id, estimated_completion_date, actual_completion_date, progress_percentage, delay_risk_level, delay_reason, createdAt, updatedAt) VALUES
('PP001', 'P001', '2024-03-31 00:00:00', NULL, 10.0, 'Low', NULL, CURRENT_TIMESTAMP, CURRENT_TIMESTAMP),
('PP002', 'P002', '2024-04-30 00:00:00', NULL, 20.0, 'MEDIUM', 'Lý do 2', CURRENT_TIMESTAMP, CURRENT_TIMESTAMP),
('PP003', 'P003', '2024-05-31 00:00:00', NULL, 30.0, 'High', 'Lý do 3', CURRENT_TIMESTAMP, CURRENT_TIMESTAMP),
('PP004', 'P004', '2024-06-30 00:00:00', NULL, 40.0, 'Low', NULL, CURRENT_TIMESTAMP, CURRENT_TIMESTAMP),
('PP005', 'P005', '2024-07-31 00:00:00', NULL, 50.0, 'MEDIUM', 'Lý do 5', CURRENT_TIMESTAMP, CURRENT_TIMESTAMP),
('PP006', 'P006', '2024-08-31 00:00:00', NULL, 60.0, 'High', 'Lý do 6', CURRENT_TIMESTAMP, CURRENT_TIMESTAMP),
('PP007', 'P007', '2024-09-30 00:00:00', NULL, 70.0, 'Low', NULL, CURRENT_TIMESTAMP, CURRENT_TIMESTAMP),
('PP008', 'P008', '2024-10-31 00:00:00', NULL, 80.0, 'MEDIUM', 'Lý do 8', CURRENT_TIMESTAMP, CURRENT_TIMESTAMP),
('PP009', 'P009', '2024-11-30 00:00:00', NULL, 90.0, 'High', 'Lý do 9', CURRENT_TIMESTAMP, CURRENT_TIMESTAMP),
('PP010', 'P010', '2024-12-31 00:00:00', NULL, 100.0, 'Low', NULL, CURRENT_TIMESTAMP, CURRENT_TIMESTAMP),
('PP011', 'P011', '2025-01-31 00:00:00', NULL, 15.0, 'MEDIUM', 'Lý do 11', CURRENT_TIMESTAMP, CURRENT_TIMESTAMP),
('PP012', 'P012', '2025-02-28 00:00:00', NULL, 25.0, 'High', 'Lý do 12', CURRENT_TIMESTAMP, CURRENT_TIMESTAMP),
('PP013', 'P013', '2025-03-31 00:00:00', NULL, 35.0, 'Low', NULL, CURRENT_TIMESTAMP, CURRENT_TIMESTAMP),
('PP014', 'P014', '2025-04-30 00:00:00', NULL, 45.0, 'MEDIUM', 'Lý do 14', CURRENT_TIMESTAMP, CURRENT_TIMESTAMP),
('PP015', 'P015', '2025-05-31 00:00:00', NULL, 55.0, 'High', 'Lý do 15', CURRENT_TIMESTAMP, CURRENT_TIMESTAMP),
('PP016', 'P016', '2025-06-30 00:00:00', NULL, 65.0, 'Low', NULL, CURRENT_TIMESTAMP, CURRENT_TIMESTAMP),
('PP017', 'P017', '2025-07-31 00:00:00', NULL, 75.0, 'MEDIUM', 'Lý do 17', CURRENT_TIMESTAMP, CURRENT_TIMESTAMP),
('PP018', 'P018', '2025-08-31 00:00:00', NULL, 85.0, 'High', 'Lý do 18', CURRENT_TIMESTAMP, CURRENT_TIMESTAMP),
('PP019', 'P019', '2025-09-30 00:00:00', NULL, 95.0, 'Low', NULL, CURRENT_TIMESTAMP, CURRENT_TIMESTAMP),
('PP020', 'P020', '2025-10-31 00:00:00', NULL, 5.0, 'MEDIUM', 'Lý do 20', CURRENT_TIMESTAMP, CURRENT_TIMESTAMP),
('PP021', 'P021', '2025-11-30 00:00:00', NULL, 12.0, 'High', 'Lý do 21', CURRENT_TIMESTAMP, CURRENT_TIMESTAMP),
('PP022', 'P022', '2025-12-31 00:00:00', NULL, 22.0, 'Low', NULL, CURRENT_TIMESTAMP, CURRENT_TIMESTAMP),
('PP023', 'P023', '2026-01-31 00:00:00', NULL, 32.0, 'MEDIUM', 'Lý do 23', CURRENT_TIMESTAMP, CURRENT_TIMESTAMP),
('PP024', 'P024', '2026-02-28 00:00:00', NULL, 42.0, 'High', 'Lý do 24', CURRENT_TIMESTAMP, CURRENT_TIMESTAMP),
('PP025', 'P025', '2026-03-31 00:00:00', NULL, 52.0, 'Low', NULL, CURRENT_TIMESTAMP, CURRENT_TIMESTAMP),
('PP026', 'P026', '2026-04-30 00:00:00', NULL, 62.0, 'MEDIUM', 'Lý do 26', CURRENT_TIMESTAMP, CURRENT_TIMESTAMP),
('PP027', 'P027', '2026-05-31 00:00:00', NULL, 72.0, 'High', 'Lý do 27', CURRENT_TIMESTAMP, CURRENT_TIMESTAMP),
('PP028', 'P028', '2026-06-30 00:00:00', NULL, 82.0, 'Low', NULL, CURRENT_TIMESTAMP, CURRENT_TIMESTAMP),
('PP029', 'P029', '2026-07-31 00:00:00', NULL, 92.0, 'MEDIUM', 'Lý do 29', CURRENT_TIMESTAMP, CURRENT_TIMESTAMP),
('PP030', 'P030', '2026-08-31 00:00:00', NULL, 2.0, 'High', 'Lý do 30', CURRENT_TIMESTAMP, CURRENT_TIMESTAMP),
('PP031', 'P031', '2026-09-30 00:00:00', NULL, 18.0, 'Low', NULL, CURRENT_TIMESTAMP, CURRENT_TIMESTAMP),
('PP032', 'P032', '2026-10-31 00:00:00', NULL, 28.0, 'MEDIUM', 'Lý do 32', CURRENT_TIMESTAMP, CURRENT_TIMESTAMP),
('PP033', 'P033', '2026-11-30 00:00:00', NULL, 38.0, 'High', 'Lý do 33', CURRENT_TIMESTAMP, CURRENT_TIMESTAMP),
('PP034', 'P034', '2026-12-31 00:00:00', NULL, 48.0, 'Low', NULL, CURRENT_TIMESTAMP, CURRENT_TIMESTAMP),
('PP035', 'P035', '2027-01-31 00:00:00', NULL, 58.0, 'MEDIUM', 'Lý do 35', CURRENT_TIMESTAMP, CURRENT_TIMESTAMP),
('PP036', 'P036', '2027-02-28 00:00:00', NULL, 68.0, 'High', 'Lý do 36', CURRENT_TIMESTAMP, CURRENT_TIMESTAMP),
('PP037', 'P037', '2027-03-31 00:00:00', NULL, 78.0, 'Low', NULL, CURRENT_TIMESTAMP, CURRENT_TIMESTAMP),
('PP038', 'P038', '2027-04-30 00:00:00', NULL, 88.0, 'MEDIUM', 'Lý do 38', CURRENT_TIMESTAMP, CURRENT_TIMESTAMP),
('PP039', 'P039', '2027-05-31 00:00:00', NULL, 98.0, 'High', 'Lý do 39', CURRENT_TIMESTAMP, CURRENT_TIMESTAMP),
('PP040', 'P040', '2027-06-30 00:00:00', NULL, 8.0, 'Low', NULL, CURRENT_TIMESTAMP, CURRENT_TIMESTAMP);