total_projects,total_tasks,hard_tasks,years_at_company,KPI
2,7,2,2.02,0.5998
1,3,0,0.1,0.621
1,14,0,0.19,0.8908
2,16,0,0.1,0.8671
1,5,0,0.37,0.5305
1,12,10,0.1,0.2663
1,3,0,0.1,0.4777
1,22,5,0.32,0.6986
1,47,47,0.88,0.58
1,4,1,1.57,0.5615
2,6,0,0.64,0.8814
1,10,8,0.1,0.5742
1,11,1,0.28,0.4479
1,12,11,0.31,0.2353
1,5,0,0.1,0.74
1,5,0,0.1,0.4554
1,4,1,0.58,0.9087
2,11,1,0.1,0.9211
2,3,3,6.59,0.5583
1,4,4,0.1,0.4
2,6,2,0.1,0.4167
4,92,90,6.63,0.4505
1,3,3,0.58,0.5143
1,18,10,0.34,0.5837
1,5,4,0.1,0.3991
1,3,0,0.1,0.6461
2,3,3,0.14,0.4878
1,10,7,0.1,0.295
1,16,2,0.14,0.8855
2,11,9,7.2,0.5004
1,11,11,0.39,0.3182
1,15,4,0.1,0.6404
1,7,4,1.71,0.4929
3,83,82,5.31,0.5993
1,3,1,0.1,0.6416
3,4,1,0.1,0.4782
1,4,3,0.42,0.4707
1,14,1,0.45,0.8661
1,3,0,0.1,0.6333
1,3,1,0.1,0.398
2,3,2,0.27,0.5955
2,6,0,3.34,0.9268
1,6,6,0.26,0.4207
3,3,2,3.09,0.5354
1,7,3,2.03,0.8022
2,4,4,1.08,0.428
1,8,4,2.81,0.4368
1,4,4,0.36,0.5002
1,44,21,0.79,0.6938
1,12,1,0.17,0.6119
1,6,4,0.78,0.6603
3,50,5,1.1,0.7348
2,18,14,4.77,0.5223
1,6,1,0.13,0.4584
1,3,2,1.05,0.5833
1,55,50,2.21,0.4756
3,5,2,0.98,0.8436
1,40,32,2.79,0.3375
2,5,0,0.1,0.855
1,24,24,1.55,0.5
1,14,1,0.25,0.6064
1,28,28,0.88,0.2518
2,7,4,3.09,0.4799
2,18,1,0.1,0.9128
2,9,8,1.16,0.55
1,6,5,0.5,0.5731
1,13,12,0.24,0.4823
1,3,2,0.45,0.477
3,7,4,0.1,0.4747
1,6,5,2.97,0.3929
4,9,4,2.93,0.8404
1,12,0,0.28,0.6636
2,8,1,2.26,0.6188
1,14,0,0.16,0.7857
1,3,0,0.1,0.8683
1,5,5,0.11,0.4899
1,9,2,3.44,0.7221
1,9,7,0.1,0.2
2,41,10,0.97,0.9105
1,5,0,0.1,0.8673
2,13,0,0.52,0.7535
1,31,31,2.7,0.5172
1,10,0,0.1,0.564
1,4,0,0.23,0.6478
1,4,1,0.42,0.6351
5,7,5,4.22,0.3487
1,3,2,0.16,0.7845
1,4,0,0.1,0.5
2,11,1,0.14,0.5001
2,4,1,0.14,0.2754
1,8,4,1.88,0.6302
2,35,1,0.1,0.8569
1,3,3,0.1,0.5374
2,21,0,0.1,0.9114
1,4,3,2.95,0.4522
1,3,0,0.1,0.8969
2,7,0,0.1,0.6756
1,6,5,0.1,0.6235
2,6,5,1.72,0.5267
1,86,61,0.69,0.51
2,4,2,1.07,0.3018
3,4,0,2.34,0.8166
1,3,2,2.06,0.8182
1,26,0,1.43,0.7059
2,9,2,3.45,0.8571
1,4,1,0.5,0.4854
1,12,11,5.94,0.3267
1,15,5,0.1,0.5003
1,5,0,0.1,0.9
2,11,11,0.1,0.5038
2,16,1,0.45,0.938
2,3,2,0.23,0.6117
1,7,1,0.1,0.9113
1,15,1,2.83,0.9266
1,11,6,2.06,0.5641
1,5,2,0.1,0.2281
2,3,2,0.64,0.328
1,14,8,0.1,0.5528
1,19,1,0.36,0.8737
1,5,5,0.34,0.5
2,11,1,0.1,0.4657
1,6,2,0.18,0.431
1,7,1,0.22,0.8643
1,7,1,0.1,0.9001
2,3,0,0.13,0.4408
1,4,4,6.84,0.55
3,3,1,1.91,0.4599
4,48,3,3.72,0.9305
1,4,2,0.38,0.561
2,3,0,0.1,0.879
1,8,2,0.13,0.5686
1,5,0,0.1,0.5426
2,5,5,0.2,0.4651
1,44,22,0.6,0.6145
2,5,4,0.1,0.3188
1,10,3,0.1,0.6376
1,3,3,0.1,0.1354
1,45,22,0.92,0.728
1,9,6,0.19,0.45
3,16,12,4.71,0.5121
1,9,7,0.41,0.4253
2,5,5,10.0,0.39
2,7,1,0.33,0.488
1,4,1,0.1,0.4375
1,5,0,0.1,0.6033
2,7,0,1.52,0.9342
1,3,2,1.52,0.0488
2,7,4,0.1,0.5783
3,13,11,1.49,0.4931
1,3,0,0.1,0.9
1,5,0,0.1,0.7265
1,3,2,0.14,0.5833
2,3,3,1.04,0.4559
1,5,4,1.34,0.4794
2,5,2,0.21,0.4609
1,3,0,0.16,0.4848
1,7,3,0.46,0.2325
1,6,0,0.1,0.5
2,29,4,0.11,0.8126
1,5,5,0.32,0.3847
3,8,2,0.1,0.1723
3,4,4,3.71,0.5037
2,11,5,0.46,0.6128
1,56,36,0.27,0.6425
2,26,23,1.55,0.3807
1,3,3,0.1,0.3075
2,3,3,0.1,0.4901
2,5,3,0.25,0.4016
1,29,20,4.03,0.5612
1,8,7,0.33,0.4544
1,7,4,0.1,0.3786
2,31,15,0.56,0.4466
1,5,0,0.11,0.6892
2,4,4,0.6,0.2983
1,4,3,0.32,0.2115
2,3,3,0.44,0.778
2,26,1,0.72,0.7096
2,14,9,5.24,0.4875
1,5,1,0.32,0.6688
1,7,6,0.21,0.1668
2,4,2,0.1,0.6476
1,5,0,0.42,0.82
1,14,1,0.1,0.8923
1,3,0,0.1,0.4483
1,5,1,0.1,0.5034
1,4,0,0.35,0.7514
1,31,31,0.57,0.3773
2,5,1,0.1,0.6214
1,3,3,0.1,0.1
1,8,0,0.1,0.6573
2,10,0,1.5,0.8253
3,8,7,2.51,0.5776
2,6,6,0.27,0.3337
3,3,3,2.46,0.4934
1,9,1,0.17,0.6953
2,21,4,4.68,0.9007
1,7,1,0.1,0.853
2,3,3,0.27,0.2771
2,3,3,0.1,0.2591
1,6,4,0.1,0.4916
1,5,3,0.11,0.4119
6,10,7,3.96,0.3763
2,24,4,3.34,0.8524
1,7,1,0.1,0.8371
1,4,1,0.16,0.5373
1,4,1,0.1,0.3093
3,9,9,6.09,0.3101
1,3,1,0.1,0.8905
2,22,22,1.64,0.5243
2,3,0,0.18,0.9351
1,3,3,0.24,0.5623
1,3,0,0.2,0.6257
2,4,0,0.18,0.9082
3,49,16,4.41,0.846
1,10,10,0.1,0.4996
1,6,6,0.1,0.1
5,63,48,1.72,0.4062
2,6,6,0.34,0.3667
1,7,7,2.07,0.3277
1,10,9,0.21,0.4262
2,3,3,0.18,0.5394
1,5,3,0.35,0.4976
3,8,3,0.22,0.7239
4,16,11,10.0,0.3928
3,3,0,0.62,0.8678
2,18,5,0.51,0.4656
1,5,4,0.1,0.1161
2,95,90,6.53,0.5439
1,14,5,0.37,0.4297
1,3,0,0.1,0.5711
1,5,3,0.1,0.6246
1,5,3,0.1,0.4457
2,4,2,0.34,0.8488
1,14,6,2.12,0.506
1,8,3,0.45,0.643
1,6,1,0.28,0.4538
2,6,6,0.32,0.3385
1,8,0,0.1,0.4949
1,3,0,0.15,0.8663
1,4,4,0.1,0.3
1,5,0,0.1,0.6738
1,5,1,0.1,0.5098
1,5,4,0.1,0.4528
2,5,1,3.38,0.6112
1,3,0,0.1,0.8767
1,3,3,3.04,0.37
3,13,3,3.26,0.7976
1,6,6,0.1,0.3161
2,3,1,0.15,0.714
1,6,4,0.44,0.4525
2,5,5,0.29,0.5294
2,3,1,0.14,0.5088
5,19,4,4.19,0.5883
1,20,8,0.38,0.78
1,12,11,0.34,0.3646
1,9,6,0.46,0.5067
2,7,4,0.34,0.4533
5,4,4,3.76,0.4869
1,7,6,0.41,0.4918
3,56,36,0.21,0.6006
1,9,4,0.1,0.3703
2,5,4,0.1,0.1989
1,15,2,0.33,0.8841
1,10,3,0.59,0.603
2,3,0,0.32,0.8451
1,3,0,0.1,0.9
4,30,5,2.38,0.9687
1,5,2,0.15,0.5128
1,14,14,0.34,0.5
2,7,5,5.05,0.4882
1,7,2,0.73,0.5716
3,9,0,2.03,0.5013
2,9,4,0.91,0.5048
1,3,0,0.18,0.6841
2,4,3,0.11,0.2851
1,15,0,0.1,0.9083
1,15,13,0.72,0.1869
1,10,0,0.1,0.8754
1,12,11,0.12,0.2517
2,3,2,0.28,0.3868
1,4,4,1.14,0.3718
1,5,4,0.5,0.4903
1,9,2,0.1,0.5492
1,22,8,0.39,0.7508
1,3,1,1.86,0.4395
2,3,1,0.22,0.9022
1,5,5,0.1,0.26
1,10,10,0.1,0.2605
1,7,7,0.64,0.5
1,12,11,0.58,0.499
1,3,2,1.81,0.51
1,23,1,0.32,0.8536
1,3,0,0.45,0.729
2,45,45,0.98,0.5517
3,8,2,0.68,0.9308
1,3,0,0.39,0.7211
2,8,6,0.37,0.2568
1,3,2,0.1,0.4023
1,10,10,0.22,0.34
2,7,7,4.36,0.5658
3,31,0,1.0,0.7865
1,10,1,0.22,0.8815
2,7,5,1.81,0.3023
3,6,6,6.76,0.5049
4,10,8,4.36,0.6023
1,3,3,0.11,0.5199
1,25,25,1.2,0.4963
1,6,0,0.1,0.5277
1,7,7,1.1,0.5
2,6,0,0.23,0.7475
2,6,4,1.82,0.3758
3,6,3,5.75,0.6951
2,3,3,0.1,0.4961
2,170,164,2.71,0.4822
1,7,4,1.35,0.5337
3,19,16,3.23,0.4854
2,3,3,1.55,0.5651
1,17,1,0.1,0.9152
3,10,5,2.34,0.4707
2,5,0,2.37,0.82
3,5,5,10.0,0.4853
2,3,0,0.39,0.7193
2,3,3,0.1,0.1
2,8,1,1.73,0.8863
1,3,1,0.1,0.9317
2,14,2,0.34,0.6173
2,11,4,0.35,0.4972
2,19,15,0.21,0.4536
1,7,0,0.1,0.9738
1,6,3,3.84,0.4286
1,3,1,0.3,0.6751
1,12,6,0.11,0.3106
1,5,4,1.19,0.5322
1,8,1,0.1,0.5965
1,5,4,2.96,0.3748
2,9,3,0.27,0.403
2,17,17,1.9,0.5624
1,6,1,0.15,0.4435
3,10,9,3.1,0.474
3,25,25,1.38,0.4519
1,50,8,4.88,1.0
1,4,0,0.28,0.771
1,4,4,0.11,0.2166
1,15,14,0.1,0.1697
1,3,3,0.1,0.5
3,3,0,0.9,0.8965
1,3,3,0.12,0.2915
1,100,96,9.14,0.4888
2,5,0,0.3,0.6943
2,12,10,0.57,0.3292
1,15,6,2.12,0.6348
2,28,28,0.61,0.3143
1,3,0,0.1,0.5
2,5,2,0.1,0.492
2,7,1,0.18,0.4505
2,28,27,0.93,0.3828
1,9,1,0.18,0.4161
1,5,1,0.17,0.8595
4,7,6,10.0,0.4513
1,11,0,0.12,0.8579
4,91,91,6.46,0.5129
1,3,0,0.1,0.5753
1,5,1,0.1,0.9322
3,8,6,4.39,0.5069
1,4,0,0.37,0.7091
1,3,3,0.16,0.4749
5,22,22,9.37,0.4292
2,7,3,0.25,0.1166
2,17,15,0.77,0.3176
1,13,7,2.07,0.6154
1,19,19,0.58,0.5384
1,14,0,0.1,0.9
2,15,1,0.65,0.8077
1,4,3,1.08,0.2625
1,13,3,0.24,0.4968
3,4,0,3.3,0.7932
1,4,3,0.3,0.5097
2,3,3,0.28,0.5708
6,22,22,9.18,0.5488
2,41,38,3.37,0.5276
2,6,1,0.43,0.7855
1,34,7,3.25,0.9558
1,5,0,0.1,0.9185
2,3,2,0.1,0.6719
4,5,1,3.67,0.6212
1,3,3,1.09,0.3748
1,17,9,0.1,0.5201
1,5,0,0.1,0.4491
1,13,2,0.47,0.6733
1,7,0,0.46,0.8429
1,10,1,0.31,0.8095
1,3,2,0.17,0.5235
2,4,4,0.81,0.359
3,10,9,2.34,0.4489
1,9,8,0.43,0.3658
1,7,2,0.16,0.4979
2,8,7,0.35,0.4654
2,7,6,0.19,0.1292
1,3,2,0.1,0.1833
2,3,2,0.1,0.5622
1,13,9,0.19,0.528
2,3,0,1.5,0.6821
2,3,2,0.1,0.1808
4,10,10,7.23,0.3927
1,3,1,0.1,0.9494
1,7,0,0.21,0.5747
4,18,4,4.21,0.6278
1,8,8,2.17,0.4851
1,5,4,0.77,0.55
1,5,2,0.1,0.8
1,3,3,1.47,0.4642
1,3,1,0.1,0.4151
2,16,0,0.1,0.871
1,37,15,1.04,0.6451
1,3,1,0.1,0.8114
1,99,99,3.88,0.45
2,32,0,0.98,0.7376
1,3,1,0.1,0.8982
1,4,2,0.1,0.6611
1,13,3,0.82,0.5962
1,10,0,0.1,0.5
3,56,5,0.77,0.7141
1,11,0,0.16,0.6455
2,4,0,0.1,0.8657
1,3,1,0.89,0.6609
3,58,6,1.24,0.6564
3,14,2,3.33,0.8035
2,65,51,0.88,0.5908
1,4,3,0.1,0.3274
2,6,1,0.26,0.449
1,3,3,0.21,0.0763
4,3,2,4.51,0.657
1,16,3,0.16,0.4072
2,6,0,0.1,0.8499
2,10,4,1.94,0.6001
2,10,1,0.2,0.755
1,4,4,0.1,0.2
6,128,103,7.28,0.7261
2,5,0,0.58,0.8361
1,21,0,0.1,0.8237
2,12,10,0.35,0.3401
1,7,4,0.1,0.3272
1,13,3,0.5,0.7691
2,5,5,1.11,0.5108
2,8,4,0.12,0.4439
2,3,1,0.1,0.2062
3,18,12,0.2,0.4161
1,7,7,0.23,0.4429
2,8,7,2.31,0.5318
1,9,9,0.72,0.4763
1,5,0,0.4,0.4417
2,52,50,6.93,0.6371
4,8,4,2.5,0.2741
2,11,2,0.34,0.5417
3,6,6,0.86,0.4842
1,9,4,0.15,0.5054
2,16,13,3.86,0.5285
1,8,7,0.36,0.284
2,24,2,1.1,0.7806
1,3,3,0.1,0.454
2,13,1,0.1,0.6225
3,52,50,6.83,0.6552
1,3,0,3.02,0.8608
1,3,1,0.26,0.1586
1,15,2,0.1,0.84
1,6,0,0.1,0.8584
3,12,3,4.73,0.7928
1,12,0,0.66,0.831
2,8,4,0.21,0.1638
1,8,0,0.28,0.6832
2,19,15,0.41,0.5411
2,6,6,0.2,0.3966
1,49,6,1.07,0.7704
1,16,0,0.25,0.8809
2,7,2,0.1,0.4857
2,4,4,1.75,0.482
1,5,2,0.63,0.7943
1,3,0,0.16,0.907
3,3,3,6.54,0.3949
1,4,4,0.1,0.4798
1,7,2,2.67,0.9055
1,4,0,0.1,0.7051
3,93,91,6.63,0.4135
2,22,17,0.43,0.5275
2,8,4,0.26,0.6017
5,29,13,2.31,0.6768
1,11,1,0.15,0.6955
2,13,0,0.34,0.6607
1,21,9,0.63,0.6016
1,26,2,0.83,0.7364
1,3,3,1.24,0.4542
1,5,0,0.13,0.8603
1,47,11,2.91,0.765
2,7,2,5.3,0.9519
1,3,3,0.1,0.1
2,5,1,3.63,0.6896
1,3,2,1.44,0.7842
2,4,2,0.1,0.3578
2,19,3,1.13,0.8226
1,15,14,0.1,0.2767
1,4,2,0.1,0.7771
1,6,5,0.19,0.2951
2,45,21,1.0,0.6334
1,11,6,0.35,0.6136
1,3,2,2.54,0.4701
1,12,1,0.1,0.8964
1,3,0,0.1,0.6196
1,6,4,1.84,0.4436
1,12,0,0.21,0.9
3,19,17,4.53,0.5604
1,16,3,4.18,0.9511
1,3,1,0.1,0.3285
2,11,9,0.1,0.5206
1,4,1,0.1,0.4013
2,3,2,0.1,0.5399
1,13,1,0.29,0.9713
1,3,2,0.1,0.45
1,5,0,0.93,0.9239
2,10,10,0.11,0.227
1,4,0,0.1,0.8921
4,29,13,2.57,0.742
1,7,0,0.1,0.5
2,29,0,0.27,0.6289
2,11,5,0.24,0.3059
1,3,0,0.1,0.6842
1,9,5,2.54,0.406
1,4,0,0.3,0.8412
1,18,9,0.55,0.5787
2,11,1,0.16,0.9144
1,54,52,2.08,0.3657
1,7,1,0.1,0.6127
1,9,5,3.8,0.4194
1,36,8,2.88,1.0
1,9,0,1.57,0.9
1,5,0,0.1,0.8712
2,5,1,0.1,0.6753
1,9,1,0.24,0.6824
2,6,6,0.1,0.5004
2,13,5,0.11,0.3434
2,15,2,0.63,0.8423
2,17,16,4.39,0.555
3,6,1,3.7,0.8456
2,7,0,0.31,0.867
2,3,3,1.15,0.4578
2,9,1,0.78,0.8884
2,5,2,0.15,0.531
2,5,0,0.16,0.9
1,3,0,0.1,0.5128
1,7,1,0.92,0.5929
2,4,4,0.2,0.0712
5,91,86,3.83,0.5379
1,18,3,0.83,0.8666
7,17,16,4.84,0.4706
1,18,15,0.16,0.4608
4,17,16,9.82,0.4643
2,29,0,0.1,0.7239
1,3,3,0.1,0.5146
2,4,0,0.1,0.4999
2,20,4,4.82,0.9855
2,14,3,0.1,0.6581
1,11,11,0.55,0.5002
1,3,3,0.37,0.5
1,52,28,1.96,0.6877
1,16,14,1.55,0.5359
1,7,2,0.75,0.7658
2,15,5,0.1,0.4759
1,6,0,2.27,0.8356
2,8,5,0.1,0.1855
2,39,1,0.11,0.931
3,4,3,0.25,0.3786
2,6,2,0.31,0.2872
1,5,1,0.1,0.53
1,5,3,0.15,0.6
1,13,0,0.1,0.8897
3,19,5,3.58,0.8352
2,8,8,0.15,0.2527
2,6,0,0.55,0.9267
1,6,1,0.29,0.4085
1,9,0,0.24,0.8058
2,15,15,1.02,0.4031
2,17,3,1.89,0.8559
1,5,0,5.0,0.9128
3,52,49,6.86,0.6917
1,15,3,0.24,0.4331
2,9,1,0.64,0.924
2,9,8,0.1,0.2167
1,5,1,0.1,0.607
3,8,6,4.46,0.5234
1,13,12,0.29,0.2581
1,17,17,4.59,0.5398
5,22,21,9.45,0.5038
1,12,6,1.69,0.7895
1,3,0,0.29,0.9317
1,5,3,1.31,0.1184
1,7,7,0.1,0.564
2,4,4,10.0,0.3807
2,33,16,0.59,0.4542
6,66,47,1.95,0.3587
2,5,1,1.75,0.8004
1,3,1,0.1,0.6538
1,3,3,0.18,0.2333
1,8,7,0.15,0.5287
1,15,4,0.76,0.8703
1,11,9,0.53,0.5597
3,18,4,0.38,0.7258
1,9,7,0.18,0.3641
1,14,14,0.39,0.4723
1,4,0,0.1,0.7938
1,53,45,0.96,0.4478
1,4,4,0.1,0.0737
1,16,16,4.62,0.4877
1,12,12,0.28,0.526
1,17,12,3.83,0.3994
3,4,4,6.08,0.35
2,21,7,1.21,0.8663
1,3,3,0.15,0.4775
1,4,4,0.34,0.465
1,7,0,0.22,0.856
1,5,0,0.2,0.6556
2,9,1,3.81,0.9083
1,5,0,0.35,0.5134
2,5,2,0.75,0.3123
2,14,0,0.19,0.8329
1,5,1,0.1,0.8475
1,4,3,0.12,0.3259
2,14,5,0.1,0.5024
2,9,4,0.1,0.7186
1,7,0,0.1,0.6876
1,9,7,0.24,0.5193
2,5,1,0.13,0.3785
2,7,1,0.1,0.6885
1,7,4,0.1,0.3446
1,24,18,0.6,0.5656
1,3,3,0.15,0.2526
3,17,4,3.82,0.6567
1,3,0,0.57,0.7419
1,4,1,0.17,0.9208
2,7,5,0.1,0.5677
5,127,104,6.83,0.7364
1,3,3,0.96,0.5493
1,9,3,0.16,0.163
3,16,1,0.64,0.8714
2,3,2,1.86,0.5271
2,3,0,0.12,0.7795
2,5,5,0.32,0.5044
1,4,0,0.1,0.5
1,32,30,0.1,0.4543
2,28,4,0.15,0.9059
2,7,3,0.13,0.3517
1,5,1,0.1,0.7155
1,10,9,3.19,0.3815
1,3,0,0.1,0.5
1,45,9,1.2,0.9467
1,12,7,0.25,0.5735
1,16,4,0.82,0.7611
1,5,0,0.1,0.878
2,33,0,0.62,0.7113
1,3,0,0.1,0.7048
2,4,3,0.23,0.1689
2,4,1,0.31,0.9702
1,20,5,1.69,0.4535
5,6,6,10.0,0.5201
1,6,0,0.1,0.4767
3,10,1,0.1,0.7511
1,9,9,2.15,0.4665
1,8,1,0.1,0.8853
1,5,0,0.23,0.5817
3,5,3,6.07,0.3323
1,3,3,0.1,0.1
1,6,1,0.1,0.865
1,5,1,0.22,0.8888
2,3,2,0.1,0.5369
2,6,2,0.1,0.4833
3,27,25,1.27,0.482
1,12,5,4.67,0.7707
1,3,1,0.1,0.7589
1,12,5,4.52,0.8057
6,130,103,7.21,0.7514
4,17,4,3.77,0.6324
3,7,2,0.3,0.4453
2,3,2,0.1,0.5833
1,8,1,0.1,0.6861
1,3,2,0.1,0.5107
2,10,3,4.87,0.6862
1,9,0,0.1,0.9208
1,19,10,0.5,0.5299
1,5,0,0.1,0.8826
2,5,0,0.26,0.8181
1,45,1,2.32,0.8888
1,10,0,0.1,0.5476
3,3,2,0.1,0.6371
1,5,3,0.1,0.1514
1,11,7,0.1,0.1568
1,8,1,0.98,0.7846
1,4,0,0.1,0.7045
1,8,0,0.1,0.9
1,5,2,0.26,0.4553
3,8,8,3.13,0.4962
4,19,7,3.34,0.5338
1,10,4,3.86,0.4272
1,9,6,0.24,0.3243
2,6,2,5.75,0.7333
1,6,0,0.24,0.6141
2,8,8,0.2,0.4745
1,5,4,0.89,0.2455
2,8,5,0.65,0.5755
1,24,24,1.65,0.5363
3,8,4,3.02,0.3333
1,6,5,0.77,0.6141
2,19,10,0.1,0.663
1,3,3,0.24,0.27
1,3,3,1.04,0.5195
2,76,75,2.14,0.5924
1,6,6,2.15,0.2627
1,6,6,0.77,0.5972
2,18,1,0.1,0.9333
2,4,2,0.1,0.6469
7,18,17,4.94,0.5018
4,52,49,6.74,0.5867
1,3,2,0.48,0.8128
1,15,15,0.92,0.4581
1,7,7,1.31,0.4915
5,17,4,4.07,0.65
1,5,2,0.1,0.8
1,22,22,0.1,0.4345
1,14,0,0.32,0.666
2,19,11,0.47,0.608
2,9,1,3.83,0.8778
1,5,0,0.14,0.891
1,5,1,0.11,0.9503
3,27,27,0.54,0.3627
2,16,2,3.11,0.9503
2,6,1,0.1,0.9272
1,15,0,0.1,0.8011
1,23,23,1.69,0.1823
1,4,0,0.2,0.674
1,5,3,0.1,0.4907
1,36,34,2.54,0.4871
1,4,1,0.1,0.6977
2,9,9,3.37,0.5462
1,31,23,0.1,0.6154
2,22,18,0.46,0.468
1,28,0,0.82,0.755
2,8,4,4.94,0.5191
1,7,1,2.05,0.8618
1,38,38,1.96,0.6012
1,8,8,0.19,0.5
1,31,6,0.17,0.8286
1,14,6,0.21,0.2972
1,78,76,1.95,0.5864
1,8,2,1.15,0.2336
1,3,3,0.16,0.2659
1,3,0,0.1,0.7773
3,5,5,0.1,0.0969
1,7,3,0.38,0.6324
1,4,4,0.84,0.5
2,18,9,0.42,0.2323
3,4,0,1.12,0.8404
2,28,3,2.1,0.8411
2,3,3,0.1,0.4739
5,9,5,4.11,0.3056
1,6,0,0.13,0.9532
1,8,5,0.23,0.5942
1,5,3,0.1,0.1987
1,3,0,0.1,0.4928
1,6,2,0.13,0.4442
2,3,2,0.1,0.2801
1,3,2,0.1,0.4859
1,13,12,0.51,0.3669
1,3,0,0.26,0.669
2,9,8,0.1,0.141
1,3,2,0.19,0.4955
2,6,0,0.11,0.7277
2,6,0,3.73,0.8167
1,3,3,0.11,0.5341
2,5,0,0.81,0.8551
2,3,0,0.22,0.4875
2,7,7,1.99,0.516
2,7,2,3.85,0.7327
3,5,2,0.2,0.6231
3,10,2,0.25,0.44
1,5,1,0.16,0.8759
2,15,5,0.23,0.6157
1,6,6,0.15,0.1667
1,12,12,0.43,0.4554
1,7,6,0.1,0.5357
1,11,0,0.22,0.4422
6,65,47,2.05,0.3466
1,5,3,0.12,0.097
1,17,15,0.1,0.5799
2,3,3,0.1,0.2987
1,12,9,0.42,0.5625
1,22,4,1.58,0.4727
3,10,2,0.63,0.7035
1,11,0,0.71,0.8443
2,3,2,0.1,0.4036
1,4,1,0.13,0.9595
1,22,6,0.44,0.7729
1,3,0,0.1,0.6516
1,17,1,0.45,0.748
1,3,3,0.1,0.5055
1,10,8,0.32,0.48
1,11,11,0.21,0.2861
2,3,3,0.96,0.5054
1,31,15,0.55,0.4777
1,9,6,0.91,0.4671
1,8,8,0.26,0.2001
1,6,6,0.1,0.3363
1,19,10,0.6,0.6245
1,13,8,2.0,0.5675
2,8,3,0.1,0.1667
1,27,5,0.1,0.8574
3,9,9,7.2,0.4237
1,5,1,3.95,0.7754
1,3,2,1.79,0.5246
1,16,8,0.31,0.5922
4,58,3,3.83,0.9619
3,32,28,8.8,0.5981
1,6,4,0.62,0.4626
1,5,3,0.8,0.6084
2,6,1,0.33,0.8722
1,4,0,0.25,0.8752
1,3,3,0.41,0.5176
2,8,4,0.1,0.6026
1,54,28,2.02,0.706
1,3,1,0.1,0.5424
2,16,4,0.33,0.5375
2,42,22,0.34,0.7297
1,5,0,0.1,0.82
3,16,4,1.96,0.7914
1,4,1,0.1,0.9326
1,11,3,2.3,0.8262
3,14,5,0.53,0.2865
2,5,5,5.01,0.55
6,20,20,9.28,0.4701
2,32,0,0.91,0.7254
5,26,16,9.44,0.4954
2,19,9,0.29,0.2371
1,4,0,0.1,0.9
1,3,3,0.64,0.5427
3,7,4,0.28,0.2192
2,45,45,0.85,0.5733
1,5,4,0.21,0.087
1,7,6,0.28,0.0302
3,14,12,0.37,0.3953
1,3,1,0.31,0.6653
2,6,1,0.1,0.8641
2,12,0,0.26,0.8778
1,12,1,3.01,0.981
1,5,0,0.22,0.5631
3,3,3,1.34,0.2777
3,8,6,0.34,0.3331
1,20,9,0.61,0.7798
1,3,3,0.94,0.5191
1,8,2,0.1,0.5978
1,5,5,1.26,0.5
1,12,0,0.1,0.6921
1,6,0,0.34,0.4633
2,5,0,0.1,0.5236
1,9,5,0.24,0.3628
1,5,1,3.67,0.6765
2,7,0,0.4,0.504
1,12,0,0.27,0.8274
2,4,3,0.1,0.2625
1,37,0,0.1,0.9043
1,22,22,0.1,0.4711
1,13,3,1.22,0.8835
1,6,4,0.85,0.5311
4,7,7,4.42,0.551
2,11,7,2.2,0.611
1,6,0,0.3,0.6526
2,16,3,0.42,0.7088
1,4,4,0.1,0.5
2,4,2,0.42,0.7046
1,14,14,0.1,0.4843
1,3,1,0.6,0.8246
1,7,0,0.16,0.7916
2,6,5,0.21,0.621
1,17,15,0.25,0.4436
1,4,2,0.1,0.425
1,5,0,0.22,0.66
2,99,98,8.86,0.4425
1,8,8,0.39,0.3899
2,95,89,6.41,0.4435
1,3,0,0.2,0.6347
2,18,10,0.1,0.5415
2,5,4,0.46,0.5231
3,8,0,2.03,0.8221
1,8,8,0.12,0.486
1,3,2,0.18,0.3096
1,10,1,0.29,0.6536
1,16,3,3.99,0.8867
1,6,1,0.22,0.892
1,3,2,0.26,0.1287
2,5,1,0.1,0.6908
3,10,10,6.94,0.4086
3,10,6,2.7,0.2849
2,5,2,0.77,0.4361
1,15,12,1.48,0.4903
2,19,10,0.1,0.2395
1,11,11,0.1,0.4434
2,7,1,0.69,0.8643
1,5,0,0.1,0.8304
1,8,0,0.11,0.5216
1,16,16,0.17,0.4595
2,8,0,0.85,0.672
1,4,4,0.75,0.434
2,3,0,0.25,0.519
1,5,5,0.22,0.5102
2,15,14,3.85,0.4337
2,3,3,6.54,0.4863
1,46,5,1.14,0.8025
1,4,0,0.25,0.9201
1,3,2,0.1,0.1118
1,3,1,0.11,0.8167
2,6,0,0.1,0.9959
2,5,1,0.1,0.8695
2,9,5,0.61,0.5966
2,5,2,1.57,0.0881
2,11,1,0.7,0.8222
2,20,16,0.1,0.4686
1,5,3,1.91,0.36
1,6,1,0.1,0.4468
2,76,76,2.2,0.513
2,5,0,0.15,0.8772
1,4,1,0.23,0.7771
1,10,2,0.1,0.4979
2,4,4,1.95,0.0629
2,22,6,0.65,0.9044
2,11,0,0.1,0.9481
2,48,4,3.79,0.9709
3,8,4,1.28,0.6493
1,18,18,4.03,0.5056
1,4,0,0.14,0.5715
1,5,4,0.16,0.6283
1,19,4,2.0,0.8757
1,5,1,0.1,0.5558
1,3,3,0.1,0.487
1,96,96,4.11,0.5483
1,16,1,0.54,0.8844
2,5,5,0.1,0.5839
2,6,3,0.12,0.1917
1,18,10,0.1,0.5325
2,8,4,0.37,0.4738
2,4,4,0.2,0.5148
6,7,6,10.0,0.5245
1,21,10,0.24,0.2637
5,20,4,4.44,0.7558
3,8,4,0.49,0.2067
2,6,0,2.77,0.7945
1,11,4,0.31,0.6686
2,15,12,1.49,0.5665
1,4,0,0.41,0.8549
1,3,3,0.1,0.0452
2,15,5,3.8,0.8202
1,14,2,0.1,0.851
2,12,4,2.2,0.513
1,16,5,1.95,0.7455
2,3,3,0.1,0.4491
2,5,0,0.11,0.4252
2,6,3,0.1,0.225
3,9,9,5.93,0.2221
1,4,2,0.55,0.4083
1,9,2,3.32,0.8908
3,21,4,4.41,0.8789
3,5,1,0.1,0.6576
5,22,22,9.2,0.5331
2,11,10,0.1,0.4259
1,7,0,0.14,0.6164
1,7,6,0.39,0.4138
2,3,1,0.1,0.3755
1,9,9,0.1,0.2286
2,9,7,0.85,0.5063
1,4,1,0.17,0.3655
1,3,2,0.22,0.1113
1,5,4,0.64,0.5254
2,20,17,0.1,0.5904
2,8,0,2.89,0.85
2,6,1,0.19,0.6165
1,4,0,0.22,0.3615
1,20,7,0.76,0.7657
1,50,9,5.11,0.9988
1,10,2,2.99,0.8855
1,6,1,0.1,0.4736
2,52,17,4.63,0.8026
1,9,0,0.15,0.544
1,13,0,0.1,0.9132
2,3,3,1.35,0.2417
3,7,3,5.71,0.7496
6,200,189,9.74,0.6101
3,15,4,3.91,0.5903
2,43,9,1.17,0.88
2,5,5,0.21,0.333
1,7,7,3.36,0.4758
2,8,8,0.64,0.5
3,18,5,1.79,0.4454
1,30,0,0.21,0.7553
1,32,32,6.54,0.6877
2,3,1,0.1,0.9001
1,3,2,0.1,0.5833
1,4,0,0.27,0.857
2,8,3,0.1,0.4946
1,4,0,0.41,0.7156
1,3,0,0.1,0.4092
5,21,21,9.31,0.5119
2,4,2,0.25,0.6085
2,17,14,0.93,0.3176
1,5,1,2.28,0.8481
1,3,1,0.1,0.7691
1,4,0,0.1,0.5118
2,8,3,0.29,0.3488
2,15,5,0.2,0.6833
1,4,0,0.2,0.4758
1,43,22,0.75,0.6649
3,65,50,0.86,0.6137
2,12,9,0.71,0.3593
2,3,2,0.1,0.0882
1,14,5,0.1,0.6328
3,7,0,2.75,0.726
1,6,1,0.1,0.657
3,17,9,0.37,0.3118
2,6,1,0.31,0.5423
1,6,1,0.13,0.8718
1,5,5,1.38,0.4476
1,3,3,1.36,0.5282
1,23,19,3.35,0.5801
2,3,2,0.12,0.4751
2,39,33,2.64,0.3485
2,5,1,0.14,0.4424
1,3,0,0.27,0.9118
1,3,0,0.1,0.8886
1,7,1,0.1,0.5418
1,5,0,0.1,0.4992
1,4,0,0.46,0.83
2,15,8,0.1,0.5013
2,27,7,0.12,0.5428
3,19,3,1.7,0.8506
1,15,2,0.25,0.6645
3,3,3,0.17,0.1289
1,14,3,0.12,0.6464
2,5,0,0.1,0.6292
1,3,0,0.33,0.43
3,8,4,1.31,0.6405
1,18,18,5.29,0.5112
1,5,4,0.42,0.4291
2,8,4,0.1,0.3235
3,3,3,0.22,0.2038
1,3,1,0.26,0.5671
1,5,0,3.83,0.8676
2,6,0,0.14,0.4683
2,8,8,0.57,0.5051
1,31,30,0.1,0.4646
4,54,48,9.99,0.6788
1,3,1,0.1,0.5228
2,15,11,1.08,0.5088
1,96,96,3.84,0.4866
1,3,2,0.1,0.4007
1,9,6,0.1,0.3167
2,19,11,0.18,0.2737
1,5,3,0.39,0.2059
1,6,4,0.1,0.2141
3,15,13,0.14,0.3948
1,3,0,0.41,0.6503
1,9,6,0.23,0.5364
1,8,8,0.22,0.5232
2,11,5,4.51,0.7168
5,18,12,9.94,0.5143
1,4,1,0.21,0.689
4,85,82,5.43,0.6114
2,33,0,0.94,0.7626
2,3,1,0.1,0.2292
1,6,2,0.1,0.5186
1,3,3,0.1,0.1359
1,5,4,0.1,0.3245
1,33,32,6.92,0.6736
2,5,2,0.78,0.4915
1,7,1,0.34,0.7191
2,4,1,0.22,0.4935
2,3,2,3.64,0.6083
1,4,0,0.1,0.7153
2,93,89,6.5,0.4607
1,3,0,0.1,0.9053
1,7,4,3.42,0.3096
1,3,3,0.1,0.2308
2,3,3,1.35,0.4345
2,6,5,0.27,0.4083
1,7,0,0.1,0.9523
1,4,3,0.36,0.3006
1,8,4,0.54,0.5215
5,18,5,4.32,0.6818
2,11,0,0.1,0.8688
2,12,9,0.1,0.3568
2,6,0,0.2,0.461
1,19,6,0.24,0.4272
1,18,4,0.25,0.5278
3,46,11,2.63,0.7696
2,4,1,0.24,0.7997
1,4,3,0.13,0.5313
1,9,1,0.1,0.5483
1,6,0,0.18,0.7277
1,3,0,0.1,0.6029
1,5,0,0.25,0.9
3,20,11,0.1,0.3384
1,9,4,4.45,0.6889
1,6,3,1.12,0.5086
1,4,4,6.76,0.591
3,3,3,6.25,0.5499
1,9,7,0.1,0.4898
3,5,0,1.2,0.8652
2,6,0,0.1,0.9399
1,4,1,0.1,0.5737
1,9,0,3.99,0.678
2,4,3,2.9,0.5625
1,9,1,1.56,0.8697
1,32,21,0.18,0.6173
2,46,11,2.79,0.6774
2,6,3,0.38,0.8153
1,19,19,3.89,0.4868
1,16,15,0.1,0.2328
1,3,3,0.19,0.0557
1,5,0,0.1,0.9
2,21,4,2.43,0.8769
2,7,1,0.1,0.9134
1,8,6,0.15,0.0756
1,37,19,0.67,0.6744
1,9,0,0.1,0.8874
1,5,2,1.92,0.8
1,6,1,0.45,0.8801
1,6,3,0.31,0.2576
1,48,47,0.91,0.544
1,6,4,0.19,0.3127
2,6,4,0.38,0.2246
1,3,3,0.12,0.1
2,6,0,0.28,0.9968
1,7,2,0.1,0.3381
1,3,3,0.76,0.4926
2,19,15,0.1,0.5533
1,5,4,0.1,0.2926
3,10,10,7.19,0.43
2,10,10,0.23,0.1922
1,5,1,0.5,0.5064
2,38,33,2.55,0.3076
1,14,14,0.16,0.5161
2,5,0,0.1,0.6597
2,6,2,0.55,0.6718
2,4,1,0.22,0.4309
5,15,3,3.75,0.6099
4,30,5,2.44,0.8992
2,7,1,3.43,0.8571
2,10,3,1.53,0.2465
1,11,2,0.1,0.7258
1,9,7,0.26,0.4351
3,3,3,7.02,0.5528
1,5,1,0.1,0.6904
2,3,0,0.1,0.5322
4,17,10,0.64,0.2566
2,5,5,0.1,0.4415
1,7,1,0.17,0.6815
1,14,10,0.55,0.3714
2,5,3,1.01,0.3406
2,14,3,0.63,0.818
1,4,4,0.1,0.2523
1,3,0,0.23,0.6366
2,22,22,0.63,0.2273
2,13,1,0.5,0.8539
6,200,188,9.63,0.6398
2,4,3,2.37,0.4716
1,7,0,0.1,0.7498
1,11,8,0.12,0.54
2,5,2,0.1,0.1734
2,15,2,2.22,0.8399
2,10,2,0.22,0.49
4,204,189,9.97,0.603
2,6,4,0.34,0.2136
1,22,22,1.69,0.5062
1,5,0,0.14,0.4834
2,5,0,0.1,0.939
2,7,4,1.57,0.4671
2,5,3,0.1,0.2013
3,57,38,0.17,0.6527
4,8,4,1.53,0.3434
3,12,7,2.03,0.5586
1,11,0,0.13,0.49
1,5,5,0.1,0.3733
1,9,5,3.82,0.4103
1,4,1,0.28,0.4499
1,3,0,0.19,0.9154
2,9,9,0.1,0.0211
1,3,1,0.13,0.6028
1,6,4,0.27,0.4559
2,3,3,1.15,0.5359
1,7,2,0.1,0.4575
1,3,0,0.1,0.7667
2,7,4,0.26,0.5058
2,14,5,0.1,0.6255
1,5,2,0.13,0.2638
2,30,30,0.5,0.3689
1,16,0,0.39,0.877
1,14,4,0.71,0.7714
2,12,8,2.14,0.524
2,8,0,2.14,0.8266
1,5,3,0.1,0.363
2,5,3,0.1,0.7035
1,3,0,0.1,0.6333
1,19,0,0.1,0.9105
1,30,0,0.1,0.7667
2,3,3,0.1,0.56
1,3,1,0.1,0.4618
1,7,0,0.1,0.8211
2,7,2,0.24,0.7522
2,10,9,0.23,0.2637
1,5,3,0.49,0.4391
2,19,7,0.23,0.8131
1,8,0,0.1,0.9
2,7,2,0.28,0.5899
3,8,5,2.51,0.2937
2,3,3,1.64,0.1
2,13,2,0.48,0.8
1,11,0,0.1,0.9
1,14,1,0.39,0.8818
2,3,1,0.73,0.8919
2,3,3,0.21,0.4845
1,13,12,0.1,0.5397
2,12,0,0.22,0.709
2,36,33,2.43,0.44
1,6,4,0.15,0.4906
1,3,1,0.17,0.4408
1,5,3,0.16,0.2375
2,5,0,2.2,0.8543
1,6,1,0.2,0.8682
1,9,9,0.1,0.1889
1,6,5,1.34,0.4937
2,5,2,0.13,0.5894
2,28,20,3.98,0.498
1,8,6,1.89,0.5448
1,9,6,1.21,0.5039
1,3,3,0.17,0.5
1,5,3,0.1,0.52
1,5,2,0.1,0.0961
3,16,11,0.48,0.3872
3,20,4,4.72,0.9366
1,3,3,0.13,0.0868
1,20,9,0.71,0.5394
2,14,11,4.23,0.5179
1,4,1,1.62,0.8358
1,3,0,0.1,0.9
1,6,1,0.11,0.6583
2,3,0,0.13,0.469
1,18,16,0.37,0.5624
2,3,0,0.19,0.6867
2,8,7,0.17,0.1885
2,17,13,4.87,0.5618
2,16,4,0.1,0.3593
1,7,1,0.12,0.7987
1,9,0,0.1,0.9
2,65,60,1.37,0.6818
2,4,3,0.1,0.4616
2,8,1,0.1,0.5971
3,54,37,0.28,0.6155
1,5,0,0.27,0.4917
1,40,34,2.45,0.3727
2,6,0,0.1,0.6182
2,27,27,0.63,0.365
1,3,3,0.23,0.0856
1,9,9,0.15,0.1444
8,19,16,4.9,0.4729
2,29,20,4.05,0.5715
1,12,6,0.32,0.6034
1,7,1,0.1,0.4981
1,3,3,0.31,0.0753
1,3,3,0.36,0.5435
1,45,25,4.05,0.5437
4,19,8,0.18,0.3938
1,3,1,0.37,0.5232
1,7,1,3.72,0.6857
4,4,2,3.72,0.6121
2,3,3,0.1,0.2885
1,7,5,0.1,0.5607
1,8,2,0.14,0.6503
3,11,7,2.46,0.5799
1,5,3,0.1,0.1142
2,12,5,0.14,0.3458
1,4,4,1.71,0.4
2,4,3,0.3,0.1028
1,4,4,0.1,0.1
1,13,10,0.1,0.404
3,13,4,2.89,0.8379
1,4,4,1.24,0.5596
5,202,189,9.79,0.6689
1,3,3,0.57,0.5794
2,46,7,0.87,0.7308
1,7,4,0.25,0.2145
2,8,4,0.27,0.4318
1,14,0,0.1,0.6143
1,3,0,0.27,0.7447
2,7,5,0.17,0.3418
1,12,9,0.27,0.1958
1,13,10,0.63,0.3085
2,7,4,2.03,0.5815
1,16,16,0.94,0.375
1,9,5,1.09,0.4079
1,3,3,0.1,0.0834
1,3,0,2.41,0.8761
1,7,0,2.61,0.8331
1,6,1,0.1,0.8228
3,18,13,0.4,0.4661
1,9,2,0.1,0.6313
2,11,3,0.18,0.7913
1,15,5,0.23,0.5924
2,9,1,0.1,0.7717
2,5,0,0.17,0.9046
1,12,0,0.25,0.6472
1,13,3,0.82,0.7855
1,4,2,0.11,0.7016
1,19,2,1.15,0.7836
1,44,37,3.29,0.6664
2,8,8,1.98,0.5466
3,8,8,6.83,0.6186
1,10,1,3.01,0.8437
1,6,3,0.1,0.3952
1,3,0,0.1,0.5
1,12,0,0.1,0.8524
2,10,3,0.21,0.4243
1,5,1,0.39,0.9519
1,12,2,0.87,0.5463
1,4,0,0.1,0.4606
2,14,1,0.69,0.9143
1,5,5,0.88,0.5224
2,23,17,0.52,0.4479
2,16,9,0.34,0.3788
3,7,4,5.24,0.4958
2,15,1,0.1,0.9076
2,53,52,2.18,0.4484
1,7,3,0.22,0.4082
1,32,32,0.66,0.4425
1,4,0,0.1,0.5423
1,7,4,0.1,0.2379
5,9,7,3.0,0.4994
1,8,4,0.74,0.625
1,4,4,0.21,0.0955
1,24,2,0.48,0.9548
1,3,1,0.45,0.8425
1,7,6,2.43,0.3782
1,6,4,0.93,0.5538
1,5,0,0.28,0.7937
3,46,9,2.76,0.7141
1,4,0,0.1,0.8369
2,6,0,0.1,0.93
1,18,18,1.99,0.5
1,8,0,0.13,1.0
2,14,5,7.55,0.6884
1,20,2,1.16,0.8542
1,7,5,0.31,0.4
1,10,4,2.09,0.6438
4,6,6,2.93,0.5481
1,14,13,1.4,0.5179
1,9,9,2.01,0.475
2,3,0,0.1,0.7336
2,9,0,0.1,0.4903
3,28,4,2.38,0.8643
1,6,5,0.1,0.2767
2,6,6,0.58,0.4775
2,6,1,0.1,0.6677
1,15,3,0.33,0.4268
1,9,8,0.1,0.178
2,10,9,1.61,0.5232
1,6,4,0.12,0.1848
1,67,59,1.34,0.6099
3,7,1,0.1,0.5055
1,21,7,0.38,0.7184
3,5,4,1.17,0.6409
2,5,4,0.81,0.3594
1,22,21,3.28,0.5672
1,3,3,0.1,0.4405
1,3,0,0.19,0.7205
1,6,1,2.02,0.5345
3,3,2,0.1,0.5666
2,46,0,2.26,0.8757
2,5,1,0.1,0.4142
1,5,4,1.43,0.279
1,4,2,1.37,0.5011
2,53,28,1.96,0.6192
3,34,4,2.45,0.8085
1,3,1,0.14,0.8634
2,4,1,0.19,0.6501
1,27,4,3.06,0.9275
1,8,6,6.7,0.5746
1,12,12,0.36,0.5699
1,12,0,0.1,0.9279
1,4,4,0.1,0.5553
1,5,0,0.1,0.5
1,5,5,0.1,0.4328
1,5,0,0.1,0.5027
1,13,3,0.75,0.8148
1,7,0,0.1,0.5
1,27,1,1.2,0.6868
1,11,10,2.37,0.4761
3,13,13,1.09,0.4673
1,3,0,0.27,0.8743
1,8,5,0.19,0.2892
1,17,13,0.53,0.4031
1,3,2,0.1,0.559
3,16,13,1.44,0.4621
1,3,3,0.31,0.6
1,6,2,0.33,0.6699
1,54,52,2.21,0.4159
1,7,0,2.15,0.6297
1,41,21,0.1,0.7078
1,9,1,0.1,0.9137
1,8,1,0.15,0.5688
1,3,1,0.1,0.5893
2,5,5,0.24,0.5222
1,22,17,0.67,0.5175
1,17,1,0.28,0.7793
3,6,1,3.94,0.8867
1,23,23,1.1,0.4512
2,6,6,0.37,0.453
1,8,4,1.05,0.4857
1,3,2,1.55,0.829
1,6,4,9.76,0.3952
2,4,3,0.1,0.0949
3,3,1,1.1,0.69
3,17,4,3.58,0.8674
2,10,10,0.12,0.2275
1,12,12,0.42,0.359
1,99,99,4.11,0.5376
3,19,3,4.68,0.953
1,6,5,0.19,0.4654
1,5,4,0.1,0.23
1,98,96,9.07,0.3843
1,35,19,0.34,0.7118
2,19,3,1.27,0.9007
2,4,4,0.53,0.4839
1,3,0,0.1,0.6333
2,3,3,0.1,0.3615
1,4,0,0.1,0.6037
3,19,8,0.24,0.3249
2,11,1,0.44,0.7934
1,13,1,0.1,0.7473
1,3,3,0.22,0.2333
1,7,6,0.11,0.3071
1,8,1,0.1,0.7297
1,9,9,1.85,0.4769
1,11,11,1.67,0.5012
1,3,2,0.41,0.4567
2,17,14,4.66,0.4929
1,4,0,0.33,0.6388
1,7,7,2.93,0.4294
2,4,4,0.28,0.1073
2,3,3,0.29,0.3045
1,12,1,0.1,0.8397
1,55,55,0.57,0.5582
1,15,2,1.43,0.8339
1,14,11,4.14,0.5418
2,12,0,0.1,0.712
3,28,16,9.49,0.4447
1,12,11,0.1,0.5679
1,3,1,0.19,0.5818
2,4,2,0.1,0.2817
2,20,4,2.47,0.83
1,14,0,0.27,0.7785
1,3,3,0.14,0.1347
2,3,2,0.74,0.3886
1,4,2,0.65,0.5222
2,3,0,0.1,0.8576
2,6,5,0.42,0.0697
1,6,2,0.1,0.6005
1,5,0,0.28,0.7522
1,5,1,0.38,0.7522
2,7,7,1.76,0.4637
1,17,15,0.1,0.5455
2,6,1,0.37,0.6873
1,12,2,3.58,0.7753
1,10,4,3.03,0.4625
2,7,3,0.29,0.7258
2,8,6,0.1,0.1151
1,8,0,0.23,0.7386
1,10,10,0.1,0.26
1,3,0,0.1,0.9519
1,9,3,0.64,0.603
2,7,0,0.1,0.8101
1,4,0,0.13,0.8814
3,8,6,0.2,0.4108
1,5,1,0.15,0.5116
1,5,5,0.15,0.5048
1,19,0,0.45,0.7291
1,3,1,0.1,0.926
2,5,1,0.22,0.45
2,5,0,3.83,0.7751
1,38,34,2.39,0.5116
1,3,3,0.2,0.4819
1,9,1,2.78,0.8722
3,48,3,3.82,1.0
1,21,0,0.15,0.7836
1,8,6,0.1,0.5606
3,9,5,3.73,0.552
1,4,4,2.72,0.4208
1,6,1,0.1,0.5931
1,7,5,1.3,0.5953
2,10,4,3.12,0.3588
3,9,4,0.1,0.5589
2,13,6,2.22,0.6212
2,12,4,2.25,0.3162
1,4,2,0.1,0.645
2,5,0,0.1,0.8243
2,21,9,0.61,0.6302
1,4,2,7.43,0.475
1,8,0,0.27,0.5306
1,3,0,0.1,0.6333
1,49,44,0.66,0.4705
1,4,4,1.22,0.5
2,3,2,0.1,0.1335
1,5,5,1.54,0.4016
3,7,1,0.14,0.4569
4,131,103,7.1,0.6281
2,3,3,0.29,0.4914
1,3,3,1.01,0.2718
4,14,11,8.71,0.4647
1,3,3,0.31,0.5109
2,3,3,0.1,0.5898
1,3,0,0.1,0.441
1,7,4,1.79,0.5275
2,3,2,2.58,0.45
1,5,4,10.0,0.5215
2,21,4,4.83,0.9023
2,3,1,3.86,0.7016
1,3,0,0.1,0.9
1,18,5,0.68,0.7989
1,5,5,1.65,0.5
1,3,1,0.24,0.4482
2,20,17,4.51,0.5812
1,3,1,2.06,0.5056
2,18,10,0.1,0.1554
1,13,2,0.27,0.7518
1,10,0,1.72,0.8567
2,3,1,0.44,0.9282
1,3,3,0.29,0.416
1,4,4,0.12,0.2074
1,7,5,0.1,0.5714
1,11,5,4.73,0.7056
1,47,24,3.42,0.4637
1,3,1,0.28,0.7292
2,17,16,0.26,0.519
1,3,0,0.1,0.6333
1,7,5,1.0,0.5387
2,4,2,0.1,0.3805
1,5,2,0.1,0.48
1,10,8,0.28,0.55
1,26,0,0.75,0.7625
1,3,3,0.23,0.1884
1,3,3,0.55,0.5438
2,6,6,0.1,0.4583
1,32,21,0.42,0.5252
2,3,3,0.31,0.3216
1,3,3,0.16,0.1318
1,5,0,0.24,0.8961
1,5,5,0.1,0.1552
1,3,3,0.22,0.3316
1,3,3,1.7,0.4055
2,3,3,0.13,0.2821
2,21,16,3.37,0.5245
2,5,2,0.1,0.3845
1,10,0,2.95,0.8942
1,89,87,1.96,0.4491
1,6,0,0.1,0.9737
2,7,2,3.57,0.8419
1,21,17,0.47,0.4761
1,4,1,0.11,0.6375
2,4,0,0.29,0.8836
1,6,6,0.6,0.4017
1,3,3,0.1,0.1103
2,6,1,0.24,0.5343
1,12,0,0.1,0.7994
1,40,22,0.15,0.6259
1,22,0,0.23,0.8675
3,6,3,5.77,0.636
2,15,15,0.21,0.5692
2,11,11,0.27,0.4306
2,9,4,0.99,0.8089
1,7,5,0.17,0.4845
3,9,9,5.91,0.2405
1,6,1,0.81,0.7917
2,3,2,0.1,0.4836
2,65,51,0.78,0.6177
1,3,2,0.1,0.1639
1,20,9,0.42,0.8201
2,9,2,0.17,0.6154
2,8,0,0.12,0.5852
1,8,1,0.11,0.7688
1,3,3,0.81,0.3389
1,5,0,0.1,0.6315
1,3,0,0.36,0.7215
3,6,5,5.48,0.5597
2,17,2,0.1,0.7525
1,6,0,0.12,0.7465
1,50,44,0.78,0.4679
1,3,0,0.1,0.909
2,4,0,0.13,0.6569
1,14,5,1.68,0.8107
2,4,1,2.95,0.892
2,7,5,0.22,0.1511
1,9,8,0.88,0.3326
1,7,1,2.77,0.8537
1,3,0,0.1,0.7667
1,4,0,0.1,0.5
2,8,3,0.12,0.5355
1,13,10,0.1,0.4072
1,5,5,0.29,0.507
3,5,1,0.18,0.5375
2,4,3,0.78,0.3874
1,8,5,2.57,0.3937
1,4,1,0.1,0.6969
1,3,1,0.4,0.8627
1,6,5,1.18,0.5417
3,16,5,3.84,0.8162
2,21,14,0.1,0.4847
1,9,5,0.1,0.5684
1,9,0,0.36,0.5112
1,11,5,0.17,0.4182
1,7,5,0.1,0.5057
1,3,0,0.42,0.9198
1,24,24,1.6,0.192
1,4,0,0.1,0.7898
2,3,0,0.22,0.5221
1,3,3,0.55,0.504
1,30,0,0.2,0.8564
1,3,0,0.1,0.9
3,6,4,0.32,0.3667
1,16,4,0.5,0.7947
1,6,1,0.46,0.4639
2,11,1,2.87,0.8578
2,6,3,0.1,0.4551
1,5,3,1.87,0.7966
3,3,1,2.1,0.4318
1,9,7,0.2,0.2913
2,3,2,0.1,0.5476
2,4,2,2.92,0.8356
1,5,0,0.29,0.9185
1,28,0,0.91,0.6842
2,11,8,0.19,0.2533
2,6,2,0.1,0.4449
2,7,7,0.23,0.2566
1,5,0,0.3,0.4594
1,30,30,2.53,0.4329
1,7,5,0.86,0.4396
2,5,0,0.12,0.5115
1,7,2,0.2,0.7143
1,4,1,0.3,0.6669
1,4,3,1.2,0.5151
1,12,12,0.1,0.4781
1,26,26,1.64,0.5036
3,4,3,3.5,0.4809
1,5,2,0.1,0.6855
1,6,2,0.1,0.6458
2,3,1,0.34,0.6562
1,7,2,0.28,0.646
1,6,3,0.17,0.6088
2,11,1,0.55,0.8087
1,18,16,0.26,0.5278
1,3,2,0.54,0.8049
3,8,6,2.36,0.2791
3,5,4,6.12,0.3357
1,10,3,0.1,0.4719
1,21,1,0.1,0.7472
2,3,1,0.1,0.6447
1,3,0,0.3,0.6205
1,5,4,0.89,0.2144
1,18,15,0.1,0.5191
1,9,1,0.2,0.6794
2,4,0,0.34,0.4114
1,5,5,0.55,0.5
2,16,3,0.1,0.8043
2,53,16,4.52,0.7906
5,7,5,3.91,0.4205
1,3,1,0.1,0.4167
1,5,0,0.1,0.5392
2,6,2,4.16,0.7999
2,6,0,3.95,0.7289
2,9,9,5.96,0.3475
2,7,5,4.64,0.5071
1,11,4,0.34,0.5639
3,11,11,0.48,0.3755
2,24,4,3.06,0.8603
1,16,1,0.59,0.7689
1,3,3,0.13,0.5615
1,3,3,0.1,0.3898
2,9,4,2.96,0.4839
1,5,1,0.11,0.69
1,7,6,1.02,0.4856
2,7,2,1.01,0.5429
1,8,7,0.21,0.5173
1,3,0,0.21,0.6333
2,3,1,3.67,0.6
2,4,1,0.32,0.7701
1,3,1,0.1,0.6511
2,5,5,1.75,0.5
1,5,0,0.1,0.8686
1,15,0,0.1,0.8999
2,8,1,0.52,0.8782
2,8,8,3.24,0.5
2,6,3,0.1,0.6131
1,9,1,0.37,0.7434
2,31,1,0.1,0.8108
1,5,5,0.31,0.5
1,4,3,0.16,0.5279
1,19,18,3.1,0.5295
2,11,0,0.18,0.6637
1,3,3,0.1,0.1
1,14,5,1.75,0.7801
2,3,2,0.1,0.6716
1,3,0,0.34,0.6336
2,4,1,0.17,0.9242
2,3,1,0.1,0.8999
1,4,0,0.1,0.9
2,3,3,0.17,0.2381
1,9,1,0.26,0.9007
1,3,3,0.1,0.5137
2,13,4,0.1,0.6501
1,6,1,0.21,0.6187
1,7,0,0.17,0.4842
1,9,9,0.1,0.2149
1,4,0,0.21,0.6806
2,5,0,0.16,0.6034
1,3,3,2.62,0.524
1,13,11,0.1,0.278
1,4,3,0.19,0.1698
1,10,4,1.0,0.4178
2,3,3,0.1,0.4474
2,3,1,0.21,0.5585
5,30,14,9.33,0.4487
1,4,0,0.28,0.7349
1,9,0,0.14,0.9034
2,6,3,1.13,0.8493
3,20,19,4.89,0.5407
1,31,17,0.81,0.4489
1,4,1,0.82,0.8375
2,97,97,9.06,0.4509
2,9,0,0.13,0.5396
1,7,6,0.1,0.5357
1,26,6,0.1,0.4731
1,3,3,2.6,0.4579
2,7,4,0.67,0.415
1,8,1,1.37,0.8172
2,6,4,0.1,0.4956
2,13,10,0.27,0.3413
1,5,4,0.1,0.4118
2,5,1,0.6,0.8392
1,8,3,0.1,0.4173
1,23,4,0.49,0.759
1,10,3,4.68,0.7303
1,13,13,0.35,0.286
1,26,25,1.6,0.5014
2,5,1,0.4,0.333
3,6,4,2.81,0.4732
2,6,3,0.1,0.3583
3,5,1,0.91,0.4814
1,12,3,0.14,0.6657
1,9,6,0.6,0.5101
1,3,3,0.2,0.4428
1,7,1,0.1,0.7833
3,20,20,0.43,0.2449
1,3,0,0.1,0.9
1,3,3,0.39,0.458
1,6,3,0.1,0.3134
1,6,0,0.16,0.5667
1,3,3,0.19,0.0805
1,16,2,1.36,0.7826
5,36,29,8.76,0.67
2,3,2,4.68,0.6895
1,14,0,0.1,0.8885
2,22,1,0.41,0.9801
1,3,3,0.96,0.5549
1,3,3,0.3,0.4886
3,5,3,5.74,0.6957
1,19,1,0.1,0.9504
1,3,2,2.03,0.4371
1,9,3,0.95,0.6052
1,32,0,0.24,0.7969
6,7,6,4.08,0.275
2,6,1,0.1,0.4195
1,7,4,0.76,0.6071
2,8,0,0.15,0.4998
1,8,8,1.83,0.5309
1,10,6,0.34,0.4979
1,8,7,2.16,0.2275
1,4,3,0.1,0.4924
2,9,9,2.86,0.4568
2,54,54,0.54,0.5911
1,3,3,0.1,0.4674
1,13,12,0.38,0.3245
1,15,1,0.18,0.9036
2,8,8,0.1,0.3
1,16,12,4.1,0.4213
2,5,1,0.1,0.479
2,13,2,0.1,0.6848
2,13,2,2.29,0.8308
1,3,2,0.1,0.4762
2,7,1,0.1,0.8766
1,4,0,0.1,0.5
1,3,2,0.32,0.2753
2,27,22,3.99,0.6061
2,31,3,2.51,0.9282
1,7,0,0.1,0.5
2,4,0,0.1,0.7791
1,4,3,0.1,0.1428
1,17,4,1.07,0.8911
2,16,8,0.38,0.5246
1,6,3,0.57,0.5393
1,5,2,0.25,0.1748
4,92,86,3.79,0.5593
1,12,3,0.38,0.7386
1,9,9,0.23,0.4111
1,15,0,0.11,0.8823
3,3,3,1.83,0.3946
3,10,8,3.01,0.4857
1,6,1,0.1,0.7564
1,7,5,0.74,0.5116
1,35,0,0.1,0.8782
1,8,6,0.24,0.5082
1,3,2,0.1,0.522
1,46,23,3.96,0.3947
1,4,0,0.32,0.9403
1,10,0,0.1,0.7583
2,5,0,0.74,0.8134
1,7,0,0.1,0.7582
1,3,2,1.81,0.5833
1,10,10,1.52,0.5745
2,13,5,0.46,0.8173
1,7,5,2.73,0.4157
1,11,2,0.33,0.4662
2,5,2,0.15,0.4515
2,3,3,0.1,0.2647
2,3,3,0.75,0.3922
1,16,0,0.1,0.826
1,5,2,1.29,0.7826
1,21,6,0.35,0.782
1,4,3,1.02,0.1841
1,14,12,0.28,0.5173
1,19,10,0.1,0.5763
1,5,4,0.1,0.4972
1,7,0,0.43,0.8865
1,7,0,3.88,0.6776
2,6,2,0.1,0.7479
1,3,3,6.82,0.5072
1,3,3,0.93,0.5
1,11,11,0.1,0.357
2,5,0,0.23,0.6603
1,3,2,0.25,0.0983
1,3,1,0.1,0.6137
6,13,11,9.18,0.493
1,6,0,0.1,0.8432
3,3,1,0.77,0.7862
2,8,1,0.75,0.7974
1,11,2,0.67,0.8545
1,5,5,0.1,0.18
1,18,18,1.5,0.5
1,11,6,2.06,0.6206
3,9,0,2.33,0.6401
3,10,2,0.1,0.8024
1,5,0,0.11,0.8817
1,33,0,0.65,0.8082
1,3,0,0.24,0.7356
2,5,5,6.57,0.5672
2,4,2,6.64,0.4209
1,4,3,0.1,0.7136
1,4,1,0.1,0.5653
1,9,9,0.44,0.3649
1,19,0,0.49,0.9043
1,8,4,0.32,0.2737
1,12,5,2.19,0.5679
1,11,11,0.1,0.0863
3,6,3,3.92,0.478
1,9,8,3.38,0.5165
1,6,6,6.79,0.5753
2,9,4,4.61,0.5021
3,5,1,0.1,0.9159
2,6,2,0.1,0.7314
3,19,5,3.7,0.6835
1,9,1,0.1,0.6789
2,7,0,0.1,0.891
1,27,2,0.62,0.7202
2,4,0,0.28,0.5937
1,26,23,1.33,0.5533
1,17,0,0.1,0.824
1,3,2,0.1,0.5833
1,16,3,3.87,0.9031
1,3,3,0.12,0.4461
4,4,0,3.7,0.8766
1,37,18,0.79,0.6264
2,17,2,0.15,0.8879
1,22,22,1.25,0.5193
1,7,3,0.96,0.2429
2,7,7,0.56,0.4871
1,3,1,0.1,0.6688
1,3,3,0.1,0.5651
1,4,3,0.1,0.2861
1,7,1,0.2,0.4707
1,32,1,0.6,0.858
1,7,0,0.1,0.6237
1,15,10,4.11,0.4801
1,4,4,0.1,0.0786
3,14,9,5.44,0.5639
7,16,15,4.63,0.5084
1,6,4,0.31,0.45
1,9,5,0.1,0.5489
2,3,2,0.27,0.4494
1,8,1,0.32,0.4659
3,13,6,8.02,0.7528
1,7,0,0.22,0.7834
1,5,0,0.1,0.8643
1,5,4,2.72,0.4946
2,3,0,0.23,0.8288
2,3,2,0.17,0.5017
3,4,3,5.45,0.7585
2,170,164,2.58,0.53
2,3,2,0.63,0.4957
2,5,5,0.1,0.34
1,17,17,1.12,0.339
1,4,4,0.79,0.5298
1,4,1,0.1,0.8117
2,24,24,1.77,0.4386
1,3,3,0.16,0.2128
1,67,60,1.43,0.667
3,3,2,0.27,0.2299
1,3,3,0.75,0.3667
1,4,3,0.84,0.5701
4,93,91,6.23,0.4982
1,4,1,0.24,0.6168
2,3,3,0.39,0.1936
1,3,0,0.19,0.5423
1,14,1,0.31,0.5835
1,5,0,0.1,0.5808
1,22,5,2.56,0.8374
1,13,10,0.35,0.1551
2,10,0,0.1,0.4856
3,84,82,5.16,0.6331
1,4,1,0.1,0.4375
2,6,0,0.1,0.8711
1,9,0,0.1,0.5161
5,65,48,1.99,0.3562
2,10,0,0.18,0.4772
1,26,1,1.06,0.7058
5,94,85,3.89,0.552
1,20,18,3.94,0.4633
1,33,19,0.57,0.66
1,3,3,0.71,0.4406
1,51,44,0.82,0.4418
1,3,3,0.99,0.5088
1,6,5,0.71,0.56
1,3,1,0.19,0.8419
2,21,8,0.37,0.8263
1,6,5,1.32,0.5297
2,6,2,0.19,0.4203
2,6,0,0.19,0.5021
3,6,2,0.72,0.8928
1,3,0,0.44,0.971
2,3,2,0.1,0.0775
2,5,5,0.1,0.496
1,3,0,1.54,0.8804
2,6,1,0.65,0.8583
1,7,2,0.13,0.5643
1,11,4,0.1,0.6261
1,28,5,2.85,0.9101
2,8,6,2.43,0.2262
1,9,0,0.1,0.5227
1,4,4,0.1,0.1738
2,6,4,0.1,0.2503
2,12,11,0.25,0.2085
5,50,47,10.0,0.697
2,13,12,0.59,0.122
3,101,97,8.89,0.4575
2,6,3,0.96,0.5309
1,3,0,0.52,0.6353
1,5,0,0.39,0.6128
2,9,6,4.44,0.514
2,6,6,0.1,0.4749
2,7,5,0.14,0.3963
1,5,5,0.1,0.6275
1,12,12,0.1,0.5
1,5,1,0.4,0.4927
1,3,2,0.1,0.3873
1,3,3,1.55,0.4066
1,8,2,0.42,0.5689
3,3,0,1.89,0.7695
2,4,4,0.12,0.2552
6,7,6,4.1,0.3273
2,3,1,0.31,0.6769
1,3,3,0.1,0.1
1,15,6,0.1,0.4641
2,4,3,0.13,0.0792
3,7,1,2.1,0.8888
2,10,6,2.98,0.5535
1,6,5,0.26,0.6536
1,7,4,0.24,0.4357
3,53,50,7.01,0.6291
3,58,7,0.93,0.6569
3,84,83,5.34,0.5903
1,4,3,0.14,0.1549
2,19,10,0.1,0.2818
1,3,1,0.1,0.9292
1,15,10,0.1,0.4906
2,4,2,0.1,0.57
1,23,6,0.45,0.7219
1,8,5,0.1,0.4377
1,3,3,1.98,0.4875
1,9,9,0.35,0.3297
1,4,4,6.55,0.6272
2,11,4,0.15,0.6856
2,3,1,0.62,0.8137
1,5,0,3.77,0.8119
1,3,3,1.29,0.5762
1,15,1,0.33,0.594
1,8,4,0.1,0.3745
1,14,11,0.12,0.0632
2,9,9,0.26,0.3878
1,10,0,3.65,0.9199
1,7,6,0.1,0.3793
2,7,0,0.41,0.9409
1,9,6,0.1,0.5387
2,47,47,1.03,0.6364
1,11,3,0.79,0.6535
1,4,3,0.13,0.2625
1,3,0,0.1,0.522
1,3,3,0.1,0.364
1,45,10,2.8,0.7729
2,44,21,0.53,0.5937
2,7,0,2.41,0.7675
1,11,0,0.18,0.8881
1,6,1,0.14,0.5121
1,30,30,0.1,0.4494
2,8,6,1.05,0.4113
1,5,0,0.1,0.4878
2,8,6,0.33,0.4292
1,4,2,0.45,0.7984
1,3,0,0.46,0.7667
1,6,0,0.17,0.7666
1,21,3,1.13,0.8519
3,10,9,3.26,0.4563
1,3,2,0.26,0.1943
1,5,2,1.21,0.5095
4,95,90,6.63,0.4577
1,4,1,0.18,0.92
1,3,1,1.91,0.7517
2,8,3,0.1,0.6329
2,6,1,5.09,0.9101
6,155,155,9.84,0.5023
1,11,10,0.34,0.5759
1,8,3,0.39,0.676
1,4,3,0.83,0.3428
1,7,7,3.27,0.5022
1,4,4,0.1,0.3886
1,4,2,0.19,0.525
5,9,6,3.93,0.3103
1,7,3,0.41,0.7962
1,18,17,0.1,0.4935
1,3,3,0.29,0.4934
5,10,6,3.95,0.3667
2,18,1,0.43,0.7992
1,7,0,0.1,0.5
2,8,6,0.72,0.4951
1,8,8,0.1,0.1226
2,14,0,0.1,0.6228
1,21,16,0.2,0.5011
2,22,5,1.81,0.4101
2,6,1,0.11,0.6127
2,42,39,3.14,0.6471
2,86,63,1.17,0.601
1,31,22,0.1,0.5881
1,5,4,0.48,0.5017
1,5,4,0.98,0.3478
1,6,0,0.1,0.6819
2,12,0,0.14,0.9585
2,28,28,0.77,0.3714
1,37,34,2.24,0.5046
2,6,3,0.23,0.4136
1,36,0,0.11,0.9481
2,6,0,0.32,0.4375
1,19,18,1.96,0.4916
1,13,4,0.1,0.6727
1,10,0,0.1,0.9107
2,8,5,3.13,0.4938
1,3,0,0.2,0.4781
2,3,0,0.18,0.5276
2,22,6,0.89,0.9241
1,3,1,0.37,0.9533
1,8,8,3.05,0.5938
1,6,2,0.1,0.4883
2,16,15,0.36,0.524
1,13,2,0.51,0.8041
2,6,1,3.73,0.8654
2,3,1,0.1,0.1907
1,3,2,0.1,0.4981
2,4,0,0.18,0.5131
2,9,3,0.41,0.4279
1,5,0,0.21,0.8906
2,21,10,0.79,0.5037
1,6,2,0.1,0.4464
1,4,1,0.1,0.6194
1,16,10,0.73,0.3711
1,11,4,4.41,0.6814
4,16,11,10.0,0.4531
1,7,7,2.07,0.4391
1,17,17,3.94,0.4614
2,20,4,1.69,0.49
2,6,1,0.16,0.8658
1,3,3,0.1,0.0481
1,7,5,0.19,0.4532
1,31,30,0.11,0.3994
2,5,2,0.1,0.3941
1,6,6,3.33,0.4528
3,26,23,1.52,0.3808
2,3,1,1.19,0.8167
2,13,6,0.12,0.358
1,16,13,1.31,0.5135
1,16,16,1.55,0.5006
2,5,2,0.66,0.5293
1,6,4,1.33,0.3074
2,13,5,7.96,0.7308
1,4,3,0.54,0.4625
2,16,9,0.23,0.5082
2,5,1,0.17,0.4599
2,57,6,1.0,0.6346
2,4,2,0.1,0.3377
2,7,1,0.12,0.4899
1,12,4,0.34,0.4963
1,4,2,2.88,0.8228
3,11,0,1.76,0.9175
1,5,5,0.1,0.1783
2,9,3,3.7,0.4025
1,5,1,0.12,0.5732
1,4,0,0.11,0.8708
3,4,4,1.07,0.5266
3,57,36,0.24,0.6125
3,17,3,4.01,0.5963
1,3,3,1.27,0.2067
2,3,1,3.52,0.626
1,9,6,0.68,0.4486
1,3,0,0.1,0.5
2,5,0,0.1,0.653
1,12,0,0.1,0.9
2,17,4,1.0,0.8932
1,4,4,0.75,0.5065
2,17,5,0.68,0.7948
2,4,4,0.1,0.1
1,26,21,4.09,0.4993
2,6,0,0.29,0.6282
3,6,3,3.04,0.5385
1,3,1,0.1,0.9059
1,3,3,1.16,0.5
1,3,3,0.1,0.1226
2,56,37,0.23,0.6148
1,3,3,0.61,0.491
1,3,0,0.19,0.5995
1,3,2,0.14,0.4682
2,6,3,1.06,0.4446
2,51,43,0.92,0.4511
1,4,4,0.34,0.1159
2,11,11,0.39,0.3909
1,3,0,0.41,0.8708
2,5,2,3.66,0.659
1,6,5,0.1,0.1691
2,4,3,1.05,0.4319
1,65,50,0.9,0.59
1,3,2,0.1,0.5833
1,9,1,0.55,0.8209
2,5,1,0.15,0.5039
1,4,0,0.1,0.4971
2,3,0,0.48,0.6343
2,14,12,0.1,0.5435
1,6,5,1.02,0.5085
1,13,11,0.3,0.3102
1,7,2,0.49,0.6
1,12,1,0.75,0.7142
2,12,10,0.12,0.2061
1,79,75,1.87,0.5809
1,3,3,0.1,0.272
1,6,0,0.1,0.8894
2,3,1,0.11,0.5418
6,20,20,9.33,0.5324
2,8,1,0.35,0.8475
2,49,17,4.75,0.8463
1,3,1,0.1,0.7723
1,6,6,0.1,0.4611
1,6,0,0.24,0.7622
1,6,0,0.55,0.9088
2,5,2,1.74,0.5614
2,5,5,1.17,0.6152
1,8,1,0.21,0.501
2,15,4,0.66,0.7812
1,6,0,1.18,0.7751
1,7,1,0.17,0.4404
1,9,8,0.18,0.5278
1,4,4,0.1,0.5353
3,51,17,4.67,0.7303
1,3,1,0.1,0.4167
2,20,8,0.33,0.801
2,15,12,1.34,0.4967
2,5,1,7.32,0.494
1,3,3,0.98,0.3667
3,15,8,0.64,0.3153
1,4,2,0.11,0.439
3,5,1,0.1,0.5229
2,3,3,1.11,0.485
1,6,3,0.1,0.625
3,4,1,0.1,0.493
1,4,2,0.3,0.4155
2,23,22,0.1,0.4284
1,4,2,0.1,0.3436
1,17,9,0.11,0.5
1,3,3,0.1,0.4434
2,5,1,0.1,0.5983
1,3,3,0.36,0.51
4,13,2,3.01,0.8476
2,7,0,0.1,0.5058
1,3,0,0.1,0.9
1,10,4,1.12,0.4829
3,10,3,3.64,0.8035
2,13,1,0.34,0.7885
1,4,2,0.36,0.0814
2,21,21,0.9,0.5026
1,7,7,0.2,0.3257
1,3,3,6.63,0.493
3,7,7,6.76,0.5302
1,47,0,2.14,0.9163
2,3,1,0.1,0.4986
1,5,5,1.71,0.5841
1,13,12,0.1,0.3805
1,23,18,0.67,0.5503
3,28,27,0.66,0.2949
1,8,1,0.22,0.8168
3,9,9,7.11,0.4347
1,5,5,1.48,0.4398
1,9,8,0.29,0.3817
1,9,0,0.13,0.6058
1,77,75,1.83,0.4713
2,15,12,4.46,0.5009
1,5,4,6.9,0.5474
1,3,3,0.14,0.1813
2,3,2,0.2,0.5691
3,9,0,2.27,0.5762
2,5,2,0.51,0.6637
2,11,7,2.09,0.5545
1,54,51,2.22,0.519
3,20,16,4.49,0.5326
1,23,23,1.64,0.5223
1,40,33,2.77,0.2851
1,3,2,0.1,0.1833
2,6,5,0.21,0.3742
2,9,3,0.1,0.4753
1,23,18,0.48,0.5022
2,24,2,0.49,0.8764
2,4,2,2.05,0.8426
1,3,2,1.02,0.4638
3,5,4,0.1,0.3367
1,14,3,3.28,0.8014
2,37,35,2.41,0.4709
1,5,1,0.1,0.916
1,7,5,0.1,0.5555
1,10,9,3.19,0.5386
1,3,2,0.1,0.0996
4,5,0,3.57,0.6424
1,4,0,0.1,0.596
1,3,0,0.1,0.7616
2,76,76,1.76,0.5496
1,3,3,0.19,0.0318
2,13,7,2.11,0.4868
1,7,5,0.27,0.456
1,3,0,0.27,0.6064
3,5,1,2.92,0.8311
2,4,4,0.13,0.367
1,4,4,0.1,0.1
2,4,4,0.14,0.5141
1,5,0,0.1,0.7535
1,18,17,4.38,0.6053
4,8,2,0.33,0.4605
2,3,0,0.14,0.5959
2,18,4,2.54,0.7897
1,4,4,0.1,0.5
2,7,0,0.32,0.9148
1,11,10,0.1,0.2644
1,3,3,0.22,0.4661
1,3,1,0.2,0.5328
1,3,1,3.4,0.5628
1,3,1,0.24,0.451
3,81,81,5.45,0.6113
2,12,5,2.28,0.5125
1,6,6,0.1,0.1
3,42,38,3.18,0.5827
1,6,2,0.37,0.7775
2,14,4,0.45,0.6197
1,16,3,0.1,0.6281
1,5,5,0.52,0.5055
1,55,55,0.63,0.6324
2,3,3,0.12,0.3087
1,5,0,0.3,0.5857
1,6,2,0.14,0.55
1,3,3,0.1,0.5592
1,6,3,2.03,0.8176
1,46,7,4.88,0.9557
2,3,3,0.1,0.0985
1,8,0,0.14,0.8666
1,16,4,1.82,0.7674
1,11,0,0.51,0.7909
2,26,26,1.85,0.5
1,3,1,0.1,0.7812
3,49,2,3.84,0.9357
3,93,90,6.55,0.4703
2,3,3,6.63,0.4167
1,19,15,0.1,0.4474
1,14,0,0.2,0.8586
1,6,1,1.09,0.5692
2,9,3,0.16,0.424
1,3,1,0.1,0.6015
1,23,23,0.1,0.4058
2,4,3,0.1,0.7866
2,5,0,0.16,0.8929
2,3,2,0.1,0.6412
2,20,3,2.7,0.8
1,30,0,0.25,0.7946
1,6,4,0.31,0.341
1,21,20,3.28,0.5619
1,9,2,2.72,0.9103
1,6,0,0.1,0.6495
1,8,1,0.1,0.4688
8,17,16,4.65,0.5237
2,5,2,0.32,0.0642
2,13,6,1.89,0.504
1,5,1,0.1,0.45
2,89,86,1.75,0.5068
2,10,10,6.06,0.2851
2,13,3,0.11,0.7341
2,9,0,0.1,0.9677
2,9,2,0.15,0.4625
2,9,6,0.1,0.2723
1,23,0,0.1,0.8164
1,3,0,0.4,0.9193
3,10,4,0.73,0.6799
3,8,5,3.15,0.259
2,8,0,0.13,0.6762
2,14,1,0.1,0.8842
3,22,3,1.85,0.4628
1,9,9,0.1,0.2623
2,3,3,0.89,0.4723
3,14,6,2.64,0.3562
1,5,5,6.75,0.549
1,3,3,0.85,0.4447
1,4,1,0.1,0.878
1,6,5,0.65,0.7064
1,31,31,0.52,0.5034
5,4,3,6.28,0.53
1,3,0,0.26,0.4805
2,19,18,2.08,0.5194
1,8,2,0.1,0.6497
3,20,2,4.75,0.8644
2,33,0,0.93,0.7742
4,3,3,6.2,0.5276
1,21,21,0.13,0.5135
2,4,2,0.1,0.4316
2,10,0,0.14,0.6063
1,5,3,0.24,0.2123
3,15,15,10.0,0.4433
1,3,0,0.81,0.7768
1,3,0,0.63,0.8286
1,98,97,3.91,0.5228
1,10,1,0.1,0.7127
1,11,11,0.11,0.4985
3,7,6,4.56,0.4229
1,20,20,0.83,0.4703
1,12,0,0.1,0.8636
1,4,0,0.17,0.5912
2,4,0,0.1,0.4798
2,7,6,10.0,0.3985
3,13,9,5.34,0.5069
4,172,164,2.33,0.5348
1,3,2,0.1,0.2259
2,3,1,0.19,0.8343
1,14,2,0.72,0.7538
2,7,1,1.32,0.8484
1,3,3,1.56,0.2697
2,15,8,0.1,0.5767
5,9,9,3.2,0.4885
1,3,0,0.1,0.5
1,12,12,0.59,0.2033
2,5,4,0.1,0.0903
1,21,18,5.02,0.5945
1,5,1,2.97,0.85
1,10,5,0.34,0.465
1,3,3,0.1,0.5039
3,3,1,3.72,0.6423
1,7,5,0.29,0.4687
1,5,3,0.1,0.3348
1,4,2,0.29,0.2015
1,4,3,7.59,0.464
1,3,3,0.12,0.1672
2,8,0,0.23,0.585
1,10,3,0.16,0.5457
1,6,0,0.1,0.6878
4,13,10,5.31,0.5121
2,9,5,0.48,0.417
2,7,5,1.61,0.509
1,9,9,2.94,0.412
2,16,16,9.91,0.4722
1,6,0,0.1,0.5323
1,10,9,2.0,0.4686
1,4,0,0.29,0.7611
1,6,3,0.1,0.5384
4,5,3,1.38,0.6176
1,16,4,0.3,0.4375
1,28,0,0.1,0.7268
4,31,0,0.8,0.8024
1,4,4,0.1,0.5314
2,9,8,6.77,0.5844
2,11,11,5.9,0.2955
1,3,1,0.47,0.4554
1,40,21,0.1,0.6501
1,3,3,0.7,0.5618
4,130,103,6.92,0.683
1,3,0,0.34,0.8607
2,8,0,3.45,0.8988
1,7,2,0.14,0.4085
2,4,3,0.12,0.4509
2,3,2,0.1,0.8719
1,3,1,0.1,0.509
4,11,4,2.69,0.8507
2,4,1,0.1,0.5796
1,3,3,0.36,0.5257
1,16,9,0.35,0.5177
2,18,0,0.1,0.8001
4,12,3,3.12,0.8652
1,3,3,0.56,0.5
1,6,1,0.1,0.6797
1,6,3,0.56,0.6266
1,100,98,9.15,0.4409
2,3,3,1.1,0.3442
1,41,22,0.1,0.6603
3,32,0,1.07,0.8364
2,5,4,0.53,0.4947
1,9,7,0.45,0.4196
3,6,6,3.43,0.4808
2,7,1,0.1,0.6434
1,5,0,0.1,0.9
4,171,165,2.36,0.4965
1,14,6,7.72,0.7514
1,6,5,0.1,0.1666
2,13,5,2.32,0.3105
1,6,6,0.1,0.4528
2,4,4,6.92,0.5504
1,8,8,2.19,0.2356
1,3,3,0.1,0.3183
1,7,2,1.05,0.819
1,4,1,0.18,0.929
1,5,2,0.1,0.48
2,7,1,2.05,0.5786
1,6,5,9.81,0.3373
2,3,3,0.1,0.3707
1,6,1,3.55,0.6467
1,4,4,1.71,0.4197
1,6,1,0.4,0.4634
3,14,10,4.39,0.4686
1,10,9,0.24,0.5037
1,3,3,0.67,0.487
2,3,0,0.1,0.4946
1,6,0,0.1,0.7
1,9,3,0.62,0.637
1,6,4,0.19,0.6647
1,8,2,0.28,0.8898
4,52,48,10.0,0.6492
1,8,2,3.37,0.8919
3,15,2,0.26,0.8061
2,6,0,0.4,0.5124
1,3,1,0.14,0.405
2,4,2,0.13,0.7956
1,12,12,0.27,0.3
1,3,1,0.1,0.5573
1,50,43,0.92,0.4575
1,5,1,0.14,0.6349
1,16,16,4.73,0.5488
1,44,9,0.93,0.9399
1,5,3,0.76,0.4472
2,3,3,0.16,0.5098
2,3,1,1.13,0.7502
2,18,4,0.41,0.5989
2,3,1,0.1,0.467
1,3,3,0.1,0.4671
2,51,17,4.56,0.7976
1,37,37,1.93,0.5743
2,3,1,0.27,0.8705
3,18,17,4.38,0.5344
3,12,9,5.31,0.5125
1,5,2,0.42,0.5623
2,44,10,0.75,0.921
1,7,1,0.1,0.5859
3,6,0,3.28,0.8639
3,7,6,2.92,0.5146
2,5,3,0.19,0.1865
1,14,9,0.25,0.2305
2,8,1,0.19,0.6268
1,7,7,0.46,0.3515
1,11,4,0.93,0.4079
2,5,4,0.18,0.1306
2,10,3,0.13,0.705
1,5,2,3.68,0.6967
1,5,3,0.1,0.429
1,10,1,0.1,0.795
1,3,3,0.1,0.3533
1,8,0,0.29,0.7104
1,5,3,2.63,0.5415
2,15,1,0.65,0.8751
1,5,0,0.1,0.4878
2,5,4,6.77,0.6132
1,8,5,0.51,0.4853
3,7,3,1.16,0.6429
2,16,0,0.36,0.8773
1,5,0,0.25,0.9304
2,10,1,0.33,0.491
2,11,2,0.4,0.8639
1,3,2,0.1,0.4749
1,3,3,0.1,0.0663
2,13,9,5.62,0.4756
1,3,3,0.14,0.5789
1,3,3,0.1,0.1687
1,4,3,0.16,0.2565
1,6,5,0.1,0.1836
1,37,16,1.05,0.657
1,4,1,0.18,0.5244
1,6,2,0.1,0.4517
1,3,1,0.1,0.5246
1,3,2,0.1,0.3855
1,10,6,2.53,0.3735
1,6,3,1.19,0.8405
3,54,38,0.18,0.629
2,11,6,0.11,0.5195
1,10,1,0.24,0.7448
2,5,5,0.1,0.5104
4,21,21,9.05,0.4847
3,11,11,5.76,0.2609
1,31,29,0.1,0.4012
2,3,1,0.25,0.5282
1,6,1,0.31,0.7378
1,6,0,0.21,0.9753
1,32,1,0.1,0.7711
2,4,3,0.38,0.4946
2,3,3,0.12,0.052
2,12,4,4.65,0.7333
1,7,6,0.21,0.5231
1,13,2,0.33,0.818
2,5,1,0.1,0.9311
2,14,4,2.38,0.3061
2,4,1,2.3,0.7982
1,3,0,0.37,0.8231
1,10,6,0.29,0.4395
1,3,1,0.7,0.8167
1,37,0,0.1,0.9351
1,5,4,4.57,0.5322
1,8,8,0.1,0.6048
2,5,1,0.11,0.4277
1,14,1,0.1,0.8787
3,11,4,0.1,0.5745
1,34,7,3.14,0.9785
1,8,8,0.23,0.1923
2,4,0,0.1,0.4942
2,26,7,0.24,0.4908
1,5,2,0.1,0.4121
1,4,2,0.1,0.625
2,49,3,3.76,0.9703
1,30,30,0.1,0.4067
1,24,1,0.41,0.8896
1,5,0,0.12,0.74
1,15,15,0.17,0.5554
1,3,0,0.1,0.6333
1,97,97,8.99,0.4867
2,3,0,0.1,0.877
1,21,9,0.48,0.502
1,6,3,0.23,0.1848
1,13,12,0.15,0.0582
1,5,0,0.1,0.66
1,10,7,0.16,0.466
1,51,43,0.72,0.383
1,12,1,0.2,0.9181
2,63,52,0.88,0.6537
1,4,1,0.51,0.8386
1,8,3,0.26,0.4562
2,4,0,0.14,0.8134
4,17,8,0.43,0.2788
2,10,7,0.22,0.4248
1,10,4,0.24,0.6708
2,3,3,0.98,0.5008
1,7,6,0.17,0.2923
1,5,0,0.1,0.4854
2,9,1,0.36,0.7927
2,4,4,0.29,0.3199
1,7,4,1.63,0.55
1,19,7,0.41,0.8029
1,13,1,3.38,0.9239
3,17,3,4.71,0.952
1,50,8,4.76,0.9804
2,7,1,0.14,0.9014
3,11,4,2.32,0.5254
2,13,1,2.25,0.8891
2,8,1,0.28,0.9269
1,9,9,2.88,0.4919
4,11,10,5.32,0.5648
4,48,2,3.78,0.9614
1,32,22,0.27,0.6403
2,26,24,1.34,0.3962
1,54,28,1.94,0.6668
1,4,1,0.36,0.6316
1,10,9,2.91,0.525
2,22,7,0.59,0.8144
1,4,4,0.1,0.2073
2,21,2,0.79,0.7617
2,7,0,0.53,0.7902
1,8,1,0.26,0.5133
3,11,8,2.33,0.4801
2,3,0,0.12,0.5374
2,3,0,0.47,0.7881
1,14,8,0.52,0.4816
1,8,5,0.26,0.5527
2,8,8,0.9,0.4697
1,7,6,0.18,0.4786
1,3,2,1.13,0.5581
2,3,3,0.15,0.5
3,3,0,3.57,0.8464
2,17,3,0.1,0.8375
1,7,0,0.1,0.644
2,8,6,0.27,0.5005
1,11,2,0.44,0.7612
1,9,9,0.1,0.3686
1,4,4,0.58,0.5
1,12,3,4.61,0.7267
1,10,9,0.1,0.3111
3,12,3,0.1,0.5057
1,9,3,0.1,0.3557
1,3,0,0.27,0.9657
2,13,3,0.79,0.8071
1,47,7,5.13,0.9752
2,3,2,0.1,0.1833
1,3,1,0.1,0.9148
1,14,2,0.1,0.8491
5,53,48,9.98,0.6988
3,9,2,0.4,0.4444
1,6,0,0.1,0.9276
1,12,10,0.27,0.18
3,13,10,0.17,0.3681
1,12,9,0.6,0.5271
1,16,8,0.1,0.5634
1,7,5,0.1,0.202
1,9,2,0.4,0.8714
2,21,9,0.66,0.5387
1,12,11,0.1,0.1208
1,3,0,0.1,0.5396
1,11,4,0.1,0.6452
1,33,4,2.64,0.8441
1,6,5,0.3,0.3408
2,8,6,0.66,0.4964
3,28,23,1.42,0.3468
2,3,2,0.29,0.5098
1,14,3,0.16,0.5734
1,90,86,1.73,0.5156
2,20,3,1.09,0.8533
1,9,4,0.41,0.5665
1,6,1,1.09,0.5882
1,9,7,0.18,0.5102
2,22,10,0.28,0.6032
1,18,8,0.11,0.4556
3,8,4,0.23,0.5939
1,8,4,3.83,0.425
1,5,0,0.1,0.74
1,3,1,1.41,0.8167
1,22,22,0.1,0.4273
2,6,0,0.48,0.9075
4,7,3,4.52,0.7587
3,9,4,1.78,0.2833
1,8,2,0.73,0.7717
1,6,3,0.16,0.071
1,16,0,0.1,0.9664
2,5,5,0.1,0.5499
1,3,1,0.32,0.1956
1,26,4,3.06,0.9115
1,4,4,0.1,0.1649
1,4,0,2.84,0.8274
1,13,0,0.1,0.893
1,12,0,0.1,0.6771
2,5,5,0.13,0.5
1,7,6,0.1,0.1739
3,15,3,0.22,0.7113
2,12,0,0.1,0.8907
1,8,2,0.12,0.7193
2,4,3,0.11,0.4911
3,6,3,3.16,0.3772
1,3,2,0.1,0.3167
1,5,5,0.22,0.4599
1,5,1,0.1,0.7129
3,81,81,5.4,0.6033
3,90,86,3.98,0.5349
3,13,2,0.17,0.7294
2,3,3,0.57,0.5223
3,11,2,0.1,0.6186
2,3,0,0.1,0.5939
1,6,2,0.1,0.6199
1,5,3,0.1,0.3406
2,17,1,0.1,0.8361
4,7,7,3.17,0.4748
3,3,1,0.1,0.1173
1,13,10,3.97,0.4948
2,8,5,1.03,0.4241
1,3,3,0.1,0.5
1,7,6,0.96,0.4691
1,16,15,1.06,0.3517
1,10,10,0.1,0.3
2,4,4,2.93,0.4746
1,10,0,0.1,0.8955
1,7,4,0.16,0.6071
1,10,8,0.71,0.4358
1,30,0,0.88,0.7944
3,6,6,0.61,0.3395
1,6,2,0.11,0.6833
3,10,3,0.15,0.5012
1,37,22,1.52,0.4759
1,28,5,3.33,0.9249
3,3,3,0.95,0.5175
2,5,3,0.18,0.8097
2,7,0,0.1,0.5026
1,4,4,0.27,0.2684
1,7,2,0.37,0.6668
3,4,3,4.49,0.673
3,17,16,10.0,0.4198
1,4,4,0.1,0.3
2,14,5,7.99,0.744
1,4,3,0.1,0.0624
2,6,4,0.1,0.3482
1,17,12,4.77,0.5643
2,53,49,6.97,0.6414
1,9,4,1.03,0.4611
2,66,50,0.82,0.6752
1,14,10,0.1,0.5655
1,5,1,0.22,0.9063
1,4,3,0.1,0.1738
1,8,4,1.52,0.4935
1,5,1,0.61,0.8601
1,14,1,0.1,0.9132
1,14,4,0.32,0.6135
1,6,6,0.13,0.207
3,9,2,0.32,0.4873
2,3,2,7.53,0.4955
2,3,3,0.19,0.498
5,58,4,3.87,0.9267
1,6,6,0.69,0.5139
1,48,8,4.87,0.9883
1,13,11,0.34,0.3094
2,22,6,0.97,0.8533
1,8,8,2.23,0.5007
1,3,3,1.2,0.5437
1,5,4,0.12,0.3486
3,8,1,3.84,0.8481
1,13,9,0.12,0.6134
1,9,9,1.73,0.5021
2,9,9,0.29,0.3196
1,3,1,0.1,0.8387
2,4,4,3.1,0.5198
1,3,1,0.1,0.55
1,10,10,0.11,0.5806
1,25,5,0.1,0.5369
2,3,1,0.1,0.6479
1,4,4,0.1,0.0682
2,9,2,1.11,0.619
1,3,0,0.14,0.5
1,22,22,1.7,0.4419
1,13,12,1.4,0.4584
4,6,6,3.39,0.5329
6,10,4,4.09,0.3736
1,3,2,0.1,0.1073
1,3,2,1.07,0.4092
1,3,0,0.1,0.9889
1,5,2,1.15,0.5925
1,3,0,0.11,0.8597
1,31,31,6.89,0.6162
1,4,2,0.1,0.225
2,6,2,1.89,0.3668
3,6,1,3.6,0.6417
1,8,7,0.24,0.3318
1,31,31,6.62,0.6348
2,10,4,3.39,0.3085
2,9,4,4.5,0.5142
2,9,2,0.62,0.8011
6,19,19,9.22,0.5162
1,3,3,0.1,0.3667
4,5,3,6.32,0.5867
2,8,1,3.66,0.799
1,3,3,0.1,0.5
2,3,2,0.15,0.843
1,4,0,0.1,0.6185
1,7,0,0.1,0.7963
2,7,5,9.94,0.3673
1,7,7,0.12,0.3437
4,22,21,9.25,0.5047
1,9,0,0.19,0.8556
1,7,1,0.1,0.9485
1,17,5,0.1,0.4211
1,5,1,0.25,0.8503
2,57,56,0.49,0.6012
4,83,81,5.28,0.5132
1,5,5,0.81,0.4523
1,3,3,6.83,0.5156
2,5,0,0.14,0.9341
2,6,1,0.1,0.5309
1,7,2,0.18,0.4362
1,20,19,3.24,0.5673
4,4,4,10.0,0.5105
1,5,1,0.1,0.69
2,3,2,1.89,0.45
3,15,0,0.76,0.7696
2,5,0,0.15,0.9277
1,8,4,0.1,0.6376
1,5,5,0.5,0.3514
1,5,1,0.1,0.5753
1,9,9,0.1,0.2016
3,39,33,2.43,0.2951
1,5,5,1.04,0.5333
2,9,9,0.1,0.2715
1,6,3,1.54,0.3468
2,15,11,0.12,0.5695
2,4,0,1.49,0.6551
1,6,3,0.21,0.3769
1,3,0,0.1,0.6962
1,18,2,0.26,0.7049
2,7,1,0.16,0.931
4,129,104,6.9,0.7156
1,4,1,0.23,0.8169
1,3,3,0.63,0.5395
1,5,3,0.18,0.4214
1,32,32,6.89,0.6037
1,15,9,0.15,0.5522
1,4,3,0.1,0.7003
2,3,2,0.98,0.39
2,6,5,0.57,0.4129
1,3,3,0.68,0.4496
1,5,5,4.61,0.5403
2,49,2,3.78,1.0
5,65,49,2.15,0.3344
2,3,3,0.15,0.1565
1,6,5,0.14,0.4238
1,3,3,2.77,0.4665
1,3,0,0.1,0.5706
1,3,0,0.1,0.7093
1,10,5,0.1,0.5099
2,11,11,0.27,0.42
1,11,11,0.1,0.3909
2,5,0,0.1,0.8851
1,7,4,0.1,0.4929
2,30,21,0.1,0.5899
8,19,17,4.89,0.4599
2,5,2,0.12,0.4785
1,32,17,0.6,0.4198
1,9,3,0.93,0.5487
1,6,3,0.59,0.5791
1,92,85,1.59,0.4698
1,3,3,1.0,0.3787
2,19,2,1.83,0.8376
2,3,2,0.85,0.5916
5,17,6,3.76,0.6029
4,5,0,3.67,0.7222
3,8,2,3.54,0.644
1,34,33,6.32,0.6307
2,21,19,3.83,0.4974
2,8,3,0.1,0.4549
1,37,33,2.31,0.3102
1,25,6,0.3,0.6617
1,8,5,0.1,0.1161
1,3,1,0.49,0.4366
2,6,3,0.1,0.4674
4,11,2,0.64,0.4232
2,35,7,2.99,0.9797
2,5,5,0.65,0.42
1,4,1,0.1,0.4373
4,15,5,3.86,0.618
1,92,87,1.9,0.539
2,3,3,0.1,0.1532
3,9,2,0.62,0.5465
1,5,3,0.1,0.5413
1,4,3,0.14,0.0613
3,19,14,3.93,0.4995
1,7,5,0.43,0.5632
2,19,3,4.73,0.9105
1,3,3,1.1,0.4956
1,6,4,3.2,0.47
3,28,3,2.38,0.8748
6,156,153,10.0,0.5963
1,25,0,0.57,0.8959
2,6,6,0.17,0.5055
2,3,3,0.1,0.0979
3,5,2,0.14,0.2516
2,10,8,0.27,0.3378
1,9,5,1.98,0.6111
1,5,2,0.1,0.5995
1,4,1,0.24,0.6997
2,14,5,2.23,0.4438
2,4,4,1.64,0.4028
1,3,3,0.41,0.5084
1,7,2,0.1,0.4286
3,14,14,4.06,0.5214
2,4,4,0.1,0.35
1,16,0,0.48,0.9368
2,21,0,0.32,0.7702
1,23,6,0.45,0.7854
2,6,4,1.84,0.3896
3,16,12,3.75,0.4225
2,9,3,1.14,0.5063
1,6,2,0.36,0.5818
1,6,3,0.1,0.5171
2,22,5,0.37,0.7782
1,12,10,0.1,0.1075
2,5,4,0.13,0.5167
2,3,2,0.13,0.6041
1,3,2,0.1,0.468
1,38,35,2.34,0.4591
1,15,2,0.42,0.6671
1,3,2,0.23,0.2283
1,3,0,0.1,0.4254
1,19,5,2.47,0.8308
2,4,0,0.24,0.899
2,21,1,0.1,0.8638
2,7,7,0.59,0.5383
2,5,0,0.29,0.9173
2,87,62,0.82,0.5645
2,20,2,0.78,0.861
2,4,2,0.13,0.3522
1,3,0,0.1,0.7667
1,3,2,0.17,0.5219
1,3,1,0.37,0.9023
1,5,3,0.2,0.585
1,40,34,2.34,0.4904
1,8,5,3.25,0.3332
2,11,10,0.1,0.2541
2,10,8,2.13,0.264
2,11,2,0.1,0.6583
2,5,4,1.04,0.3334
1,16,2,3.09,0.9281
2,10,9,0.1,0.2675
1,5,4,0.16,0.2165
2,10,0,0.1,0.7645
2,14,11,1.27,0.5038
5,19,3,3.83,0.6973
3,10,4,2.57,0.34
1,21,10,0.44,0.6119
4,11,2,2.84,0.8714
2,3,1,0.1,0.6843
1,3,2,0.26,0.8535
2,4,4,1.81,0.514
1,3,0,0.1,0.7667
3,9,6,3.1,0.5382
1,10,4,0.12,0.3674
3,17,12,0.18,0.4143
1,9,8,3.53,0.4566
2,6,0,0.1,0.8843
1,19,1,0.23,0.8827
1,8,4,0.53,0.6352
2,4,4,0.1,0.493
1,9,0,3.26,0.8836
2,15,12,0.1,0.1064
1,29,5,0.16,0.8569
2,3,1,0.1,0.5768
1,7,6,0.1,0.2563
2,3,3,0.97,0.6193
1,8,4,4.02,0.4574
2,8,8,0.1,0.3118
1,3,2,0.38,0.4473
1,7,0,0.63,0.9
1,3,0,0.1,0.5616
1,10,10,0.12,0.26
1,5,3,0.74,0.652
2,7,7,0.34,0.5105
1,40,33,2.44,0.3059
1,8,2,0.1,0.6274
2,3,3,0.34,0.035
1,3,3,0.14,0.4977
2,5,2,1.26,0.8
2,6,4,0.63,0.6346
1,17,17,0.93,0.4641
2,3,2,0.69,0.5224
2,4,1,0.22,0.8365
1,6,3,0.16,0.5585
1,3,0,0.1,0.6713
1,12,1,0.1,0.5497
1,4,0,0.1,0.7675
2,18,8,0.27,0.5166
1,10,8,0.39,0.3127
1,6,0,0.27,0.6079
1,6,4,0.81,0.4585
1,5,0,0.57,0.6776
2,18,4,0.28,0.4596
1,14,4,2.33,0.5248
1,4,2,1.4,0.5912
1,3,3,0.11,0.5138
1,9,5,0.1,0.3723
1,16,0,0.31,0.8609
2,31,24,1.93,0.6556
2,13,0,1.67,0.8938
1,77,77,1.69,0.6035
1,8,5,0.12,0.4303
1,26,5,3.17,0.9305
1,6,0,0.1,0.7052
1,4,4,0.26,0.0718
1,5,2,0.68,0.8668
2,12,12,0.31,0.159
4,34,29,8.9,0.6079
2,54,51,6.95,0.6664
2,3,0,3.76,0.8331
1,3,0,0.36,0.5274
1,4,0,0.22,0.9081
1,18,0,0.3,0.8004
1,13,6,0.25,0.6346
1,3,2,0.8,0.5833
1,3,3,6.77,0.6063
1,21,7,0.9,0.8167
1,10,1,0.55,0.675
3,10,8,2.11,0.547
8,15,15,4.77,0.4327
2,16,4,0.83,0.7707
2,3,3,0.1,0.1556
1,3,1,0.19,0.9139
1,11,0,0.23,0.6189
2,4,3,1.21,0.4466
2,7,1,0.19,0.8506
1,8,2,0.2,0.7098
2,11,6,1.93,0.4851
1,10,0,0.1,0.8469
2,3,2,0.47,0.5053
1,8,0,0.18,0.5
2,15,0,0.39,0.8728
1,17,16,0.67,0.3691
1,9,9,0.1,0.2229
1,9,5,0.16,0.4479
2,11,7,0.35,0.5438
1,5,4,0.28,0.4516
1,89,61,0.71,0.488
2,13,1,0.26,0.4663
2,3,3,0.1,0.4794
1,6,0,0.1,0.6133
3,6,3,0.99,0.7824
1,3,1,0.36,0.2324
2,9,3,0.63,0.4749
2,9,7,2.97,0.5556
1,3,2,0.18,0.3429
1,4,0,0.37,0.6504
2,15,3,0.1,0.5453
2,9,7,1.88,0.5641
2,4,0,0.1,0.6212
1,3,3,0.16,0.0614
1,5,2,0.31,0.6263
1,3,3,0.1,0.3201
3,8,1,2.17,0.6223
1,6,1,0.4,0.4037
1,8,4,0.33,0.2347
2,99,98,3.73,0.4915
1,9,3,0.96,0.8196
1,13,1,1.21,0.8326
2,32,3,2.48,0.8691
1,35,18,0.79,0.6885
1,3,0,0.33,0.9217
3,13,1,0.27,0.7671
2,8,5,0.1,0.3981
2,5,0,0.1,0.5322
1,4,0,0.26,0.903
1,16,15,0.48,0.5051
2,39,33,2.48,0.2757
1,19,9,0.1,0.2266
1,5,1,0.15,0.9248
1,14,1,0.86,0.9271
1,13,13,0.47,0.5003
1,9,7,0.1,0.5084
3,52,51,6.91,0.5879
1,6,5,0.37,0.475
2,10,1,0.26,0.4934
1,8,4,1.02,0.5686
3,4,0,1.34,0.8764
1,3,3,2.02,0.3033
1,34,31,0.77,0.4272
1,3,3,1.91,0.368
1,23,20,3.19,0.5511
1,3,2,2.82,0.8331
1,5,5,0.1,0.4639
1,3,0,0.1,0.9
2,3,0,1.01,0.9306
2,3,3,7.39,0.4806
1,3,3,0.1,0.0455
2,4,4,10.0,0.4912
1,5,5,0.18,0.3355
2,7,3,0.45,0.2356
1,3,0,0.26,0.6038
2,6,4,3.21,0.4365
2,4,4,0.38,0.422
2,11,11,0.1,0.3761
1,5,0,0.2,0.8007
2,26,3,2.91,0.8841
2,54,50,1.92,0.4273
1,17,1,0.49,0.6802
2,5,0,0.1,0.6036
1,5,5,0.11,0.5571
2,8,4,0.92,0.6729
1,8,1,0.36,0.5078
2,3,0,0.1,0.6849
1,5,0,0.2,0.4461
1,10,7,0.71,0.375
1,10,5,0.1,0.1264
1,15,15,0.76,0.3189
1,3,0,0.1,0.869
2,48,3,3.8,0.9987
2,13,10,0.37,0.2348
1,21,21,0.55,0.4326
3,4,0,1.19,0.765
2,7,0,3.1,0.8449
1,3,0,0.55,0.9
2,3,1,3.39,0.5815
1,4,1,0.26,0.8486
1,22,0,0.26,0.9036
1,3,3,0.21,0.2675
2,6,4,0.21,0.6337
2,6,3,0.1,0.225
1,6,4,1.17,0.5025
2,15,15,0.88,0.3
1,7,5,0.88,0.4481
1,16,2,1.03,0.8771
3,49,9,2.41,0.76
1,3,2,0.1,0.8115
3,28,5,2.2,0.8568
1,4,1,1.48,0.8438
1,47,11,2.56,0.6497
1,91,86,1.7,0.5272
2,3,2,0.16,0.5438
1,3,0,0.2,0.8737
3,3,0,3.43,0.6465
1,8,6,0.38,0.2296
1,4,1,0.24,0.7269
1,8,3,0.31,0.2274
2,10,4,0.32,0.734
1,19,0,0.1,0.9
1,12,0,0.24,0.6023
3,11,3,3.06,0.8455
1,11,11,0.1,0.1445
1,19,4,2.3,0.7671
1,11,6,0.21,0.695
3,51,49,10.0,0.6834
2,8,3,1.0,0.5247
1,3,3,0.22,0.4926
1,30,30,6.64,0.621
2,29,29,0.1,0.4517
1,20,11,0.55,0.5504
1,4,2,1.72,0.5726
1,3,3,0.1,0.4854
2,11,10,0.42,0.327
1,19,17,0.14,0.5426
1,7,0,0.1,0.8912
1,6,1,0.13,0.4901
1,3,3,0.52,0.4891
4,5,3,4.83,0.7266
2,5,2,0.93,0.5207
2,3,0,0.1,0.7213
2,4,2,0.1,0.613
1,3,2,0.1,0.3167
1,4,2,1.01,0.5029
1,8,8,3.32,0.5052
1,9,9,0.16,0.3676
2,13,4,2.34,0.4745
2,5,5,10.0,0.55
3,12,3,0.1,0.6408
2,49,8,5.05,1.0
1,3,2,0.13,0.0643
1,3,0,0.24,0.9313
1,7,7,0.77,0.4852
1,16,16,0.1,0.5
2,15,7,0.24,0.5831
2,5,1,0.12,0.7948
1,12,6,2.2,0.2647
2,18,3,0.26,0.4144
1,45,10,2.64,0.6961
2,5,1,0.27,0.4947
3,10,5,2.23,0.3908
1,5,5,2.98,0.42
3,5,5,10.0,0.5959
1,5,1,0.1,0.7968
1,5,2,0.25,0.4358
1,91,87,1.52,0.4807
1,3,1,0.1,0.7781
1,3,0,0.1,0.8683
1,15,0,0.14,0.8547
1,3,0,0.38,0.7709
1,29,1,0.1,0.7662
1,35,0,0.1,0.9905
1,5,1,0.1,0.61
1,12,12,1.12,0.5611
1,3,0,0.2,0.707
1,7,0,0.3,0.8926
3,15,8,0.19,0.2464
1,13,0,0.22,0.9351
1,23,2,0.56,0.6954
1,8,5,0.1,0.3562
1,11,3,0.12,0.7591
1,5,5,0.2,0.4255
1,11,4,0.2,0.77
1,4,3,0.16,0.4561
2,19,19,4.95,0.55
2,10,4,0.34,0.5053
1,5,1,0.16,0.5912
3,12,2,3.45,0.7814
3,19,15,0.71,0.3496
2,4,4,0.12,0.0757
1,16,0,0.1,0.8563
1,19,4,0.69,0.8648
1,53,51,2.13,0.446
3,16,13,1.23,0.4758
2,3,0,0.93,0.9082
1,5,2,0.1,0.7267
1,11,8,2.81,0.5111
2,13,3,0.93,0.8284
1,14,14,0.46,0.5222
2,15,1,0.21,0.6183
2,7,1,0.26,0.4643
5,203,187,10.0,0.6096
3,13,5,2.6,0.4752
1,5,0,3.82,0.7068
1,25,2,1.16,0.6946
1,4,1,1.17,0.8627
2,4,0,0.1,0.5597
1,7,1,0.1,0.7576
2,7,3,0.11,0.4876
2,16,13,1.43,0.5289
1,10,10,6.0,0.3057
1,6,0,0.26,0.6588
3,11,1,0.39,0.4405
1,20,8,0.43,0.7873
2,9,4,0.31,0.4969
2,20,9,0.33,0.6502
2,3,0,0.41,0.5294
1,5,0,0.16,0.6882
1,4,4,0.87,0.5121
2,3,2,1.5,0.0685
2,7,4,3.66,0.4787
1,7,2,1.75,0.8064
1,19,2,4.97,0.9195
1,7,0,0.21,0.7733
1,5,0,0.34,0.7697
2,6,2,3.71,0.715
2,40,33,2.49,0.3087
1,4,0,0.1,0.4722
1,8,6,0.44,0.2508
1,6,0,0.3,0.8901
2,30,0,0.59,0.8806
2,6,6,0.1,0.388
1,3,3,0.17,0.2673
1,5,1,0.1,0.546
1,23,5,0.18,0.792
1,3,0,0.1,0.4945
2,12,4,1.52,0.8111
3,6,5,3.09,0.5086
5,29,16,9.29,0.5158
1,6,3,0.26,0.1488
4,11,6,4.25,0.609
1,3,3,0.1,0.1
2,12,12,0.39,0.5467
1,18,18,2.14,0.4354
1,3,1,0.24,0.9045
1,19,9,0.1,0.5621
2,18,0,0.1,0.8929
5,202,188,10.0,0.6695
2,11,8,0.1,0.2066
4,91,87,3.57,0.5911
1,20,10,0.72,0.545
1,3,3,0.66,0.5
2,3,3,1.03,0.4909
2,3,1,0.1,0.4212
2,23,10,0.54,0.6218
1,10,1,0.74,0.7983
1,23,23,1.54,0.2055
2,5,1,0.1,0.8071
5,13,12,8.81,0.5077
1,19,1,0.16,0.8027
2,13,13,1.23,0.4905
1,9,2,0.1,0.483
3,98,98,8.9,0.5311
4,20,5,4.45,0.6295
1,11,10,0.1,0.2623
1,14,14,0.1,0.5266
1,23,0,0.42,0.8859
1,19,5,0.56,0.766
1,4,0,0.1,0.9
2,4,1,5.64,0.7065
1,3,2,0.2,0.551
1,4,1,0.2,0.6375
2,10,1,0.35,0.4355
2,7,1,0.17,0.5117
2,4,0,3.64,0.7027
1,5,1,0.27,0.6584
1,9,7,0.81,0.504
1,7,0,0.1,0.5455
1,9,3,0.26,0.8034
1,3,0,0.1,0.5666
1,9,5,0.1,0.0887
2,7,1,0.29,0.9232
2,3,3,0.18,0.4665
2,19,7,0.46,0.8233
3,3,2,0.1,0.6379
1,39,39,2.12,0.598
1,19,8,0.29,0.8969
5,8,5,9.78,0.5581
1,4,3,0.16,0.8082
4,18,12,10.0,0.4824
1,18,0,0.12,0.7423
1,8,4,4.48,0.6837
2,8,1,1.09,0.8675
1,3,1,0.29,0.4515
3,10,0,3.58,0.8494
1,7,1,4.13,0.7429
2,6,2,1.23,0.2678
1,4,2,0.1,0.8455
1,6,5,0.1,0.2078
1,3,0,0.65,0.9145
1,12,6,1.72,0.7969
2,3,3,0.13,0.4616
2,5,3,0.14,0.211
1,12,1,0.26,0.5106
1,6,2,0.83,0.8674
1,3,2,0.21,0.3611
1,8,0,0.65,0.9038
2,10,0,0.18,0.489
2,16,11,4.09,0.515
1,15,14,0.19,0.5292
2,22,22,1.68,0.489
1,23,6,0.65,0.8314
3,18,4,0.1,0.7209
2,4,0,0.74,0.8
3,8,2,0.18,0.348
1,18,3,4.96,0.8882
1,13,13,0.6,0.1615
2,3,2,0.45,0.3668
1,5,2,0.35,0.5741
1,22,9,0.6,0.6525
2,14,13,1.37,0.4689
1,24,7,0.1,0.5499
3,6,6,0.58,0.4181
1,7,6,0.1,0.1882
1,5,0,0.53,0.8797
1,3,3,0.7,0.4283
1,7,3,0.74,0.1792
2,3,0,0.1,0.6939
1,5,3,0.1,0.5009
2,3,0,0.11,0.9098
1,9,9,2.15,0.5
2,3,3,0.6,0.4813
2,22,8,0.1,0.7375
1,6,4,0.1,0.3156
1,4,4,0.35,0.2531
2,3,3,0.25,0.4906
2,3,3,1.02,0.5501
1,6,4,1.53,0.464
1,3,0,0.5,0.9
1,9,1,0.1,0.4903
1,8,4,0.62,0.5086
1,5,1,1.6,0.5718
1,3,1,0.39,0.8574
2,8,8,0.22,0.4127
1,6,0,0.31,0.9
2,14,11,1.19,0.4612
2,15,0,0.67,0.8672
1,15,4,0.1,0.5402
1,6,3,0.3,0.1951
1,7,4,0.39,0.2681
2,15,6,2.2,0.6063
1,5,2,0.1,0.5664
1,4,3,0.77,0.5335
2,3,2,0.17,0.5821
2,7,5,0.1,0.4537
2,3,0,0.1,0.4163
2,9,1,0.19,0.9158
1,28,26,1.87,0.4736
2,3,3,0.21,0.5039
1,14,9,0.38,0.5342
1,4,3,0.28,0.6033
2,7,1,0.88,0.8953
1,6,6,0.1,0.3667
2,12,6,0.16,0.312
1,31,0,0.78,0.7994
1,6,5,0.34,0.2894
1,13,13,0.22,0.4709
2,13,3,0.1,0.5856
1,11,1,0.22,0.3948
2,12,2,1.62,0.9135
1,3,1,0.1,0.7913
2,7,5,0.1,0.139
1,3,3,0.1,0.1055
1,4,0,0.1,0.9
1,85,63,0.79,0.5849
1,15,0,0.27,0.7652
1,7,7,2.31,0.4832
1,4,4,0.1,0.3
1,4,0,0.1,0.7204
1,9,6,0.25,0.5386
1,7,4,0.29,0.4754
5,93,85,3.92,0.5872
1,3,3,1.96,0.4928
1,3,3,6.81,0.5442
1,69,59,1.69,0.6029
1,6,1,0.1,0.3905
1,10,2,0.1,0.6954
2,21,17,3.17,0.5024
1,19,18,1.39,0.4279
1,9,9,1.84,0.5
1,6,2,0.13,0.5279
1,4,4,1.12,0.2966
1,14,0,0.76,0.9182
2,14,2,0.21,0.7786
1,49,9,4.67,0.9888
1,4,0,0.16,0.5773
2,5,4,0.1,0.0515
1,10,3,0.35,0.5399
2,5,2,0.28,0.5534
3,3,0,1.17,0.8278
1,6,6,0.1,0.5601
4,34,25,1.87,0.6347
1,7,6,0.27,0.281
1,23,17,3.27,0.5523
1,15,3,0.17,0.77
1,14,3,0.38,0.8962
2,3,3,0.1,0.3139
1,5,2,0.4,0.0957
1,8,4,0.1,0.5403
1,13,13,0.1,0.1
2,29,0,0.15,0.7741
2,4,4,10.0,0.524
2,45,24,3.78,0.4889
1,6,1,0.27,0.8764
1,44,0,2.23,0.9231
2,78,77,1.93,0.6386
1,15,2,0.84,0.6248
4,11,11,8.72,0.4893
1,8,2,3.84,0.9372
2,6,3,0.1,0.8339
2,5,5,0.47,0.3728
1,10,7,0.55,0.6204
2,4,2,0.1,0.3349
1,3,3,1.29,0.3617
1,3,0,0.29,0.602
1,4,0,0.17,0.9037
1,9,1,0.29,0.8918
2,3,0,0.53,0.8793
2,97,97,9.03,0.4113
1,12,9,0.56,0.4958
1,27,6,0.1,0.8253
1,8,6,0.34,0.3682
2,15,8,0.1,0.473
1,9,6,0.37,0.6164
1,9,0,0.1,0.4811
1,11,8,0.26,0.5188
1,54,27,1.78,0.6583
1,3,1,0.1,0.8764
3,6,0,0.81,0.9125
1,11,11,0.59,0.5144
2,13,0,0.3,0.8213
1,3,1,0.11,0.5391
1,8,1,0.17,0.7457
1,4,4,0.1,0.3
1,3,0,0.1,0.9698
2,6,0,0.24,0.8756
1,7,4,2.44,0.4689
1,16,0,0.1,0.7894
4,5,4,3.78,0.44
1,3,0,0.1,0.5
2,29,6,0.1,0.8696
1,6,1,0.4,0.9034
1,4,0,0.1,0.7719
2,14,5,0.27,0.5931
1,5,0,0.1,0.773
1,5,3,1.88,0.4081
1,8,0,0.13,0.7
1,16,14,5.12,0.6083
1,49,17,4.6,0.7883
1,3,1,0.1,0.8167
1,5,5,0.1,0.4953
3,6,2,1.16,0.639
1,3,3,0.39,0.5345
1,3,3,0.1,0.0682
2,12,1,1.72,0.8792
1,6,2,0.44,0.5188
1,37,23,1.45,0.4982
1,36,7,3.12,1.0
3,18,14,4.8,0.6079
1,46,9,2.68,0.7513
1,5,1,0.23,0.6085
1,38,38,1.56,0.6932
1,7,1,0.58,0.8298
1,8,6,2.47,0.2691
1,3,2,2.4,0.415
1,3,3,1.1,0.5042
5,8,6,4.14,0.3625
2,8,6,0.1,0.3663
1,3,2,0.31,0.5227
1,48,7,4.74,0.9987
2,20,6,0.93,0.781
1,8,2,1.16,0.8375
1,3,1,0.1,0.3162
1,7,4,2.08,0.5384
2,7,2,0.35,0.784
1,43,39,3.13,0.6098
2,7,7,0.1,0.3494
2,9,9,1.86,0.4475
1,3,0,0.1,0.7667
1,5,4,0.22,0.1511
3,92,91,6.52,0.4309
1,5,2,0.3,0.6074
3,7,1,0.6,0.8231
1,4,4,0.1,0.1
1,3,0,1.29,0.6392
1,5,2,1.39,0.4893
1,3,3,0.16,0.1325
1,8,6,0.74,0.5148
4,55,51,6.95,0.572
1,14,2,4.07,0.9037
1,7,3,3.44,0.4296
1,8,0,0.1,0.4793
2,3,2,0.19,0.1364
1,14,0,0.12,0.8408
1,14,10,0.23,0.6022
2,14,9,5.38,0.5422
1,30,2,0.44,0.77
1,5,0,0.46,0.9
1,8,2,5.19,0.9349
2,25,23,1.49,0.5147
1,59,5,1.18,0.5329
1,6,0,0.38,0.6011
3,18,5,4.63,0.6537
1,3,1,0.1,0.5098
2,3,3,1.26,0.5
1,5,0,0.11,0.7362
2,13,2,0.1,0.6262
1,7,6,0.1,0.4575
1,3,2,0.1,0.3904
3,17,4,0.18,0.4904
1,25,6,0.1,0.504
5,31,14,2.43,0.6784
1,29,0,0.1,0.7975
2,6,0,0.1,0.6991
2,3,1,0.25,0.5281
2,6,0,0.1,0.5475
1,3,3,1.08,0.4212
1,8,6,0.47,0.4072
5,22,22,9.23,0.5136
2,3,3,0.8,0.577
1,3,0,1.62,0.751
1,5,3,6.74,0.4328
2,6,0,0.1,0.8292
1,5,5,0.1,0.2536
1,11,0,0.18,0.4764
1,5,1,0.1,0.7876
1,6,1,0.72,0.8793
1,17,0,0.23,0.8765
1,3,0,0.23,0.7733
1,3,3,0.1,0.0663
1,3,1,0.1,0.2791
2,4,4,1.26,0.3
1,6,4,1.09,0.2862
6,16,7,3.76,0.5835
3,4,1,0.29,0.3866
1,5,2,0.1,0.3839
1,3,0,0.16,0.5039
1,3,0,0.1,0.4816
1,24,23,1.53,0.4796
1,3,1,0.23,0.5432
1,3,1,0.1,0.294
2,3,2,0.1,0.7922
1,3,3,0.1,0.1
3,7,6,2.6,0.5372
2,10,6,0.54,0.622
1,6,0,0.1,0.4537
1,7,1,0.62,0.8188
2,3,3,0.33,0.5315
2,8,8,0.1,0.2075
1,6,3,0.19,0.1976
1,5,0,0.1,0.499
1,22,18,0.71,0.5829
2,4,1,0.13,0.6195
1,3,2,1.55,0.0553
2,6,2,0.18,0.2207
1,79,76,1.84,0.5791
1,5,4,0.1,0.1899
1,3,3,0.58,0.4542
1,18,15,0.1,0.4852
1,6,4,0.28,0.1833
2,8,1,4.02,0.6474
3,17,4,3.74,0.8441
2,9,1,4.16,0.7415
1,3,1,0.14,0.9513
1,5,5,0.18,0.1948
2,3,0,0.1,0.5
5,24,23,9.11,0.5189
1,3,3,0.1,0.5766
1,8,5,0.25,0.1103
2,23,17,0.27,0.5161
1,4,0,0.29,0.4418
8,16,15,4.71,0.48
1,6,5,0.1,0.4391
1,16,5,0.52,0.7631
1,3,0,0.1,0.685
2,4,3,6.89,0.4743
1,3,0,0.83,0.7421
1,5,5,0.1,0.5
2,4,1,0.1,0.6631
1,5,0,0.62,0.8253
2,3,0,0.1,0.4904
2,12,9,7.32,0.5042
1,4,3,1.22,0.6438
3,14,1,0.34,0.7898
1,12,0,1.78,0.8371
3,170,165,2.46,0.5215
2,5,1,0.1,0.8113
3,5,2,4.6,0.69
1,18,12,3.92,0.4114
1,5,5,0.1,0.443
1,8,1,0.1,0.6084
2,4,0,0.15,0.9404
1,9,5,3.63,0.5511
3,29,16,9.61,0.5079
2,13,12,0.41,0.506
2,6,2,0.1,0.4619
3,3,2,0.6,0.3679
2,12,5,2.36,0.3125
1,8,3,0.35,0.4396
1,3,3,0.1,0.08
2,5,0,0.58,0.7668
1,3,3,0.1,0.1
1,37,33,2.4,0.2786
2,3,2,0.56,0.4286
1,10,8,0.12,0.2412
2,8,2,0.29,0.5174
1,3,2,0.1,0.8251
1,3,3,0.16,0.2226
1,4,0,0.1,0.6
1,3,0,0.25,0.8633
2,30,30,6.54,0.7142
2,6,0,0.1,0.8971
1,52,43,0.77,0.5069
1,5,1,0.12,0.77
2,3,1,3.13,0.8204
2,5,4,0.1,0.1034
1,18,3,0.29,0.547
1,3,0,0.21,0.6023
1,7,7,0.27,0.5415
2,27,1,0.72,0.7582
2,22,5,0.52,0.7102
3,18,5,1.59,0.4805
2,3,3,0.3,0.5116
1,8,7,0.1,0.0902
2,8,6,0.99,0.5597
1,8,7,0.19,0.5453
3,67,50,0.73,0.529
2,52,44,0.97,0.354
1,3,3,0.1,0.2677
1,35,19,0.53,0.6829
1,36,33,2.48,0.3667
1,7,0,0.56,0.875
1,4,1,0.2,0.5518
1,3,1,1.5,0.8776
1,20,16,0.26,0.5542
2,46,10,2.58,0.7458
1,16,0,0.19,0.8276
1,4,0,0.1,0.5606
3,3,2,3.6,0.6454
2,3,3,0.1,0.3881
2,7,6,0.17,0.5155
2,13,3,0.1,0.7836
1,7,4,0.1,0.2525
1,3,3,0.51,0.5
2,6,0,0.3,0.6155
1,3,3,0.38,0.5131
2,5,5,9.77,0.4953
1,5,1,0.1,0.8917
1,5,1,0.1,0.491
1,8,1,0.41,0.9149
1,3,3,0.14,0.1393
1,6,1,0.1,0.8959
3,7,6,6.71,0.5104
1,14,8,0.18,0.55
1,25,18,0.44,0.4976
5,66,47,2.29,0.3716
1,9,5,0.45,0.5902
3,8,3,0.1,0.3462
1,4,1,0.45,0.8159
5,33,29,8.67,0.6461
1,4,4,0.44,0.435
2,3,3,0.11,0.2314
1,13,1,0.1,0.9336
2,3,3,0.72,0.4644
1,3,0,0.22,0.7667
2,39,33,2.65,0.3401
1,4,1,0.29,0.6563
1,3,1,0.2,0.522
1,8,4,0.1,0.4565
3,3,0,3.71,0.6724
1,6,3,0.25,0.5737
1,3,0,0.1,0.7802
1,5,2,0.16,0.48
3,94,89,6.67,0.4678
1,4,0,0.1,0.9017
1,10,10,0.12,0.3458
1,4,1,1.27,0.8646
1,22,22,0.75,0.2043
3,7,0,0.1,0.9805
1,90,86,1.68,0.4893
2,18,11,0.1,0.2372
1,3,0,0.11,0.5497
2,9,0,0.14,0.9572
4,9,6,4.12,0.278
1,4,3,0.1,0.2501
4,7,1,3.51,0.6792
1,3,2,0.27,0.5945
1,12,12,0.6,0.122
1,3,3,1.44,0.4608
2,12,0,0.12,0.8239
1,10,6,2.14,0.2343
2,6,2,1.5,0.8208
3,32,15,0.55,0.3968
2,7,2,3.55,0.5824
2,6,4,0.16,0.6088
6,31,15,2.44,0.712
1,21,8,0.48,0.7614
1,22,20,0.88,0.5261
1,9,2,0.28,0.8521
1,3,2,1.94,0.561
2,14,5,0.16,0.618
3,20,11,0.11,0.1819
3,6,3,3.89,0.4393
1,20,20,0.13,0.4177
2,4,4,0.23,0.1957
2,44,23,3.89,0.5002
5,129,103,7.1,0.6773
4,13,13,4.06,0.5425
2,10,5,0.1,0.2005
2,3,0,0.1,0.8723
1,9,2,0.92,0.8906
2,4,1,0.24,0.6375
1,4,0,0.19,0.7826
2,7,0,0.12,0.7039
2,6,5,5.08,0.5371
1,19,2,0.85,0.7899
2,20,0,0.15,0.7883
1,3,0,0.67,0.7581
1,13,1,0.22,0.7548
1,3,0,0.21,0.9326
1,7,2,0.1,0.4403
1,15,2,0.1,0.6378
1,5,0,0.1,0.9
1,39,39,1.89,0.58
4,4,4,6.17,0.55
2,5,1,0.28,0.5899
1,8,0,0.33,0.5201
1,12,10,2.9,0.5284
1,4,0,0.1,0.8337
2,3,2,0.24,0.8079
1,16,4,0.32,0.6151
2,6,2,7.5,0.4517
2,3,1,0.1,0.5995
1,17,5,0.57,0.8265
2,3,3,0.1,0.1245
1,3,3,0.19,0.2385
1,3,3,0.7,0.4847
2,10,3,0.23,0.5137
1,4,1,0.1,0.8375
1,25,7,0.1,0.5075
2,7,6,0.34,0.4598
3,5,1,0.1,0.7295
2,10,10,0.31,0.1242
3,5,1,0.27,0.447
2,66,60,1.57,0.6072
3,17,13,1.29,0.4601
2,3,3,0.1,0.0742
2,5,0,0.11,0.5114
2,8,8,0.19,0.2551
1,3,1,0.27,0.4851
1,4,0,0.1,0.4766
1,9,3,0.35,0.3957
2,12,0,0.1,0.4406
1,4,3,0.1,0.146
1,5,0,0.19,0.6351
1,7,0,0.25,0.707
2,5,1,0.19,0.6973
1,10,1,0.1,0.715
1,6,1,0.1,0.4765
1,3,0,0.1,0.5
3,11,2,2.32,0.7875
2,6,5,0.41,0.6105
1,4,3,0.61,0.4599
1,11,8,0.13,0.2786
1,3,3,0.1,0.1
1,4,0,0.1,0.9
1,3,3,0.16,0.2855
6,11,11,8.83,0.495
2,5,4,1.76,0.5716
2,11,11,0.12,0.5205
3,4,2,0.1,0.2484
2,68,59,1.08,0.6892
1,3,1,0.28,0.6972
2,4,2,0.1,0.5503
2,5,1,0.1,0.9069
1,4,1,0.24,0.8322
1,30,30,0.63,0.4111
4,19,3,4.25,0.5874
1,10,10,1.56,0.5
1,5,5,0.31,0.5465
5,6,6,10.0,0.4833
1,10,6,0.19,0.32
3,4,2,1.57,0.191
3,3,2,2.06,0.3231
1,11,3,0.18,0.6719
2,4,1,0.1,0.5309
2,6,4,0.14,0.6161
2,6,4,0.29,0.4243
2,51,44,1.0,0.465
1,7,7,0.43,0.2988
1,3,0,1.38,0.7845
1,8,5,0.16,0.4774
1,3,2,0.22,0.2048
1,5,5,0.31,0.1542
2,4,2,0.1,0.5921
2,3,3,0.21,0.3976
6,17,5,3.57,0.6455
1,6,5,0.1,0.2208
1,4,3,0.1,0.051
1,10,7,0.53,0.6128
3,4,4,0.1,0.1483
1,8,2,3.87,0.851
1,6,1,0.1,0.8707
1,8,7,2.22,0.2812
1,17,0,0.1,0.7663
2,15,15,1.66,0.5405
1,14,0,0.3,0.8749
3,3,2,1.82,0.454
1,3,2,0.1,0.1185
2,5,0,0.1,0.797
1,3,2,0.21,0.219
1,6,2,0.65,0.6487
2,10,5,1.58,0.2932
1,7,1,0.24,0.9073
2,25,24,1.35,0.3647
1,36,16,1.04,0.6127
2,15,2,0.41,0.7611
2,14,6,2.06,0.5069
1,12,1,1.88,0.8154
1,5,2,0.11,0.6523
1,28,1,0.67,0.7911
2,5,4,0.1,0.6094
3,3,1,1.97,0.8388
1,7,0,3.95,0.8934
2,9,0,3.28,0.824
1,11,4,1.96,0.5866
1,5,0,0.18,0.4956
5,8,7,2.95,0.5526
1,3,3,0.11,0.5
2,18,4,3.68,0.8755
1,23,11,0.39,0.6192
1,9,9,3.13,0.4611
1,5,0,0.1,0.9
1,20,2,0.69,0.8596
2,3,2,0.19,0.0155
1,5,1,0.12,0.7104
1,10,9,0.2,0.1785
2,25,3,2.85,0.9675
2,23,0,0.94,0.7649
1,6,1,0.25,0.5858
1,6,6,1.22,0.4741
2,21,10,0.68,0.4997
2,4,3,0.1,0.4805
1,12,12,0.1,0.3434
6,12,11,8.84,0.5186
1,3,3,0.29,0.3458
2,4,1,0.44,0.6424
2,53,45,1.13,0.4094
1,4,1,2.11,0.4886
2,6,4,1.82,0.4184
2,8,2,0.38,0.8552
1,3,2,0.13,0.5466
3,14,4,0.1,0.3337
1,9,6,1.93,0.5745
1,29,1,0.7,0.8866
1,9,2,0.18,0.5558
1,6,2,0.1,0.3721
2,6,0,0.13,0.7534
1,8,7,0.1,0.1189
1,16,15,0.1,0.4645
1,5,2,0.1,0.6033
3,3,0,3.34,0.5891
1,5,0,0.1,0.4785
3,9,4,3.04,0.8629
2,8,3,0.35,0.7707
2,3,3,0.1,0.2561
1,9,0,0.28,0.827
3,86,62,0.88,0.5607
1,8,0,0.1,0.5713
2,3,0,0.1,0.6602
1,3,3,0.73,0.3872
2,28,0,0.1,0.8044
2,7,2,0.14,0.4764
1,8,1,0.17,0.6362
2,10,1,0.53,0.8479
1,10,8,0.34,0.6206
1,3,1,2.29,0.8525
1,18,12,4.97,0.5447
1,8,0,0.1,0.6813
1,29,29,2.71,0.5309
4,10,5,1.98,0.3565
3,7,1,3.49,0.6369
1,10,1,0.25,0.835
1,5,0,4.22,0.7144
1,4,1,0.1,0.4851
2,8,2,1.51,0.8376
1,16,16,0.1,0.4654
2,5,3,0.1,0.3029
2,7,2,0.19,0.7882
1,17,17,3.76,0.3915
3,20,4,0.28,0.73
2,4,1,0.1,0.6327
1,28,20,4.02,0.5377
1,5,5,0.39,0.4775
3,3,0,1.27,0.6599
1,8,6,2.8,0.4578
2,4,1,0.1,0.54
2,3,2,1.34,0.8919
1,3,1,0.1,0.55
2,8,4,3.23,0.325
1,9,6,0.1,0.1833
1,3,2,0.14,0.0824
2,32,30,2.42,0.4954
1,4,4,1.76,0.4804
1,3,1,0.13,0.4344
2,3,3,0.1,0.3418
1,4,1,0.14,0.6489
1,3,3,7.19,0.5717
1,3,0,0.31,0.6615
4,9,9,7.12,0.3889
2,5,2,0.25,0.8252
1,3,0,0.1,0.6022
1,4,1,0.64,0.8268
2,5,0,3.01,0.79
2,26,25,1.5,0.3874
3,29,0,0.94,0.7996
3,3,1,3.74,0.8613
1,9,2,1.81,0.5236
1,3,1,0.1,0.7445
1,6,6,0.1,0.0474
1,8,8,0.28,0.35
1,18,18,5.11,0.5659
2,11,0,0.5,0.7067
1,14,1,3.04,0.9321
1,6,0,0.16,0.8591
1,3,3,0.19,0.2021
2,3,3,1.2,0.3017
3,3,0,3.04,0.8022
1,18,1,0.1,0.9165
2,9,5,4.48,0.573
3,7,6,2.95,0.5581
1,6,1,0.52,0.8708
1,3,0,0.1,0.7971
1,5,5,1.65,0.5671
1,6,1,0.1,0.7032
1,3,3,0.31,0.2352
1,34,6,3.15,1.0
1,36,22,1.14,0.4847
2,32,0,0.59,0.7862
2,39,15,1.25,0.582
2,3,3,0.43,0.5458
1,8,8,0.1,0.2934
1,15,2,0.39,0.7154
1,3,3,0.1,0.5
1,37,34,2.73,0.4945
1,4,0,0.1,0.4631
2,21,6,0.42,0.7973
1,3,2,0.1,0.3167
3,11,4,4.72,0.7484
2,31,31,0.43,0.3546
2,58,6,1.02,0.6507
2,5,3,0.1,0.5068
1,5,5,0.18,0.34
3,20,3,4.54,0.8857
2,8,4,0.33,0.5388
2,19,16,4.75,0.4986
1,5,5,0.34,0.4318
2,5,1,0.1,0.6644
1,4,1,0.2,0.8603
3,4,0,3.81,0.85
3,17,12,10.0,0.4734
2,4,2,0.12,0.4265
1,46,46,0.79,0.6512
1,12,10,0.1,0.1876
1,3,0,0.13,0.4991
1,3,2,0.17,0.1014
2,10,10,7.01,0.4463
1,5,2,0.35,0.54
1,13,11,6.11,0.3009
1,5,1,0.1,0.45
1,9,9,0.28,0.4744
2,14,9,0.69,0.5392
1,10,2,0.86,0.7399
1,13,13,0.52,0.1999
2,11,9,0.32,0.5935
1,24,1,0.59,0.9082
2,3,3,1.16,0.1335
1,5,1,0.1,0.9125
2,4,4,0.6,0.4972
1,35,0,0.1,0.9461
1,11,9,0.36,0.5467
1,31,0,0.22,0.739
2,20,18,2.02,0.5461
1,5,5,0.22,0.1454
1,13,12,0.65,0.2532
2,11,9,2.54,0.5655
2,20,20,0.8,0.5112
2,5,0,1.1,0.8874
2,4,1,1.64,0.385
2,6,4,0.82,0.5123
2,4,3,0.13,0.0807
1,5,5,0.25,0.3282
1,3,3,0.47,0.4812
3,5,1,0.33,0.4355
1,9,5,0.45,0.5188
1,10,1,0.44,0.7071
2,10,6,2.61,0.3614
1,5,4,0.58,0.2424
2,6,1,0.3,0.7193
2,13,1,0.47,0.7765
1,8,1,0.1,0.9556
1,3,2,1.78,0.5833
2,7,2,2.86,0.9191
2,14,1,0.56,0.8821
1,7,6,0.13,0.3306
1,14,1,0.1,0.8681
3,18,5,2.66,0.7887
1,7,6,9.91,0.4003
1,8,0,0.17,0.9
2,7,1,0.1,0.5359
1,10,1,4.09,0.902
1,11,0,0.1,0.5794
1,11,2,1.73,0.9668
1,12,9,0.17,0.2646
2,19,0,0.11,0.7408
1,4,4,0.11,0.5
2,3,3,1.82,0.8064
1,25,25,1.71,0.212
1,5,0,0.1,0.4952
1,4,0,0.1,0.7482
2,9,9,3.02,0.4823
2,3,2,0.13,0.2715
1,7,7,0.66,0.4493
2,34,7,3.07,0.9825
4,15,4,4.06,0.6663
3,3,3,0.1,0.1941
3,30,3,2.57,0.8576
1,5,1,0.51,0.4837
2,6,2,0.31,0.6385
1,5,3,0.1,0.3305
1,4,3,1.25,0.5129
1,3,2,0.1,0.3758
1,3,3,1.1,0.8359
1,5,4,0.3,0.5309
2,17,14,1.57,0.5441
2,42,38,3.18,0.6176
1,9,0,0.1,0.8288
1,4,2,0.31,0.5884
1,10,10,0.1,0.5253
1,3,2,0.17,0.2447
1,11,0,0.34,0.7827
1,6,0,0.1,0.5358
1,3,1,0.1,0.7469
1,8,5,0.1,0.3734
2,8,8,2.5,0.4798
1,8,1,0.66,0.8819
4,16,10,0.53,0.3655
1,5,4,0.1,0.0854
1,9,5,0.1,0.5231
2,3,1,0.19,0.7938
7,156,154,9.88,0.6176
1,8,0,0.1,0.5472
1,3,3,1.95,0.4516
1,5,3,0.69,0.4696
1,4,3,1.14,0.5023
1,6,0,0.1,0.8949
1,98,98,4.03,0.4953
2,3,0,0.16,0.7404
1,3,2,0.44,0.7095
1,4,2,0.1,0.7813
1,13,11,0.11,0.5385
1,13,2,0.1,0.6537
3,40,34,2.81,0.3072
1,6,6,3.1,0.4764
2,7,5,0.54,0.181
2,6,3,0.16,0.3916
1,6,2,0.1,0.4687
1,12,2,0.27,0.4917
2,101,96,9.14,0.517
1,10,2,0.1,0.6586
2,12,1,0.1,0.4796
1,4,1,0.16,0.6414
1,25,4,2.79,0.9561
1,3,3,0.23,0.3335
1,4,1,1.28,0.7818
3,21,11,0.1,0.2372
1,7,0,0.14,0.8819
1,6,3,0.76,0.8095
1,6,0,0.1,0.6333
1,5,2,0.86,0.5264
1,4,2,0.52,0.2328
1,5,5,0.1,0.5793
1,13,1,2.5,0.8713
2,7,3,0.33,0.6419
1,3,0,0.25,0.6333
2,3,1,0.1,0.693
2,6,3,0.3,0.2069
2,9,5,0.25,0.1506
2,8,4,3.73,0.475
1,4,1,0.1,0.4911
2,3,1,0.1,0.6833
2,10,10,6.1,0.2731
1,3,0,0.1,0.8941
1,4,4,0.1,0.1
1,5,2,0.87,0.8812
2,5,4,1.41,0.5253
1,4,4,0.1,0.2
1,7,0,0.1,0.4668
1,39,21,1.54,0.5198
1,8,0,2.69,0.8171
1,3,0,0.12,0.9847
5,32,15,2.17,0.6739
1,25,1,1.08,0.7129
1,6,6,0.16,0.5568
1,4,0,0.18,0.8682
1,4,2,0.1,0.5562
2,11,5,0.4,0.35
1,9,6,0.1,0.5219
1,11,8,0.29,0.2095
2,13,12,0.27,0.3173
1,4,0,0.18,0.9
3,5,2,0.1,0.4812
1,5,1,0.11,0.45
1,8,2,5.68,0.6663
1,4,3,7.4,0.509
1,3,2,0.29,0.8033
1,23,0,0.16,0.8826
2,8,2,1.55,0.8375
1,12,6,0.27,0.5887
1,43,23,4.05,0.4831
1,6,0,0.1,0.6333
1,9,0,0.1,0.3943
2,34,26,1.99,0.612
1,12,12,0.42,0.5
2,38,22,0.12,0.5992
2,4,4,0.1,0.2205
1,6,4,0.1,0.25
2,8,5,0.46,0.1638
3,4,0,1.29,0.8575
3,6,6,0.71,0.5497
2,10,8,2.37,0.55
2,9,0,0.33,0.5267
2,3,2,0.98,0.4576
1,7,0,0.52,0.8459
2,9,8,0.47,0.333
1,3,1,0.1,0.9015
2,11,11,5.87,0.184
1,6,2,0.51,0.8167
1,9,5,0.38,0.6314
1,3,1,0.1,0.4975
2,6,3,0.1,0.2464
1,4,0,0.1,0.7994
1,4,3,0.1,0.1947
2,20,19,5.2,0.5425
1,9,0,0.29,0.6918
2,7,1,0.1,0.8504
1,51,28,2.12,0.6648
1,6,6,0.33,0.4772
1,16,16,0.1,0.5
1,3,3,0.21,0.5
1,4,0,0.1,0.9
2,5,2,0.1,0.2294
1,7,2,0.1,0.7823
1,6,6,0.1,0.359
3,15,3,3.52,0.6099
1,6,1,0.1,0.6332
3,8,8,4.54,0.5454
3,47,0,2.3,0.8849
1,3,0,0.1,0.6709
2,25,6,0.1,0.4222
2,12,12,0.1,0.1264
2,6,1,0.2,0.7501
1,21,16,0.14,0.4721
2,3,0,1.28,0.6333
1,38,1,0.1,0.94
2,8,8,0.1,0.2723
1,17,1,0.42,0.7441
1,10,7,0.2,0.4786
2,16,12,0.42,0.4125
1,23,21,0.89,0.4765
1,14,11,0.1,0.0869
1,23,5,0.43,0.7761
1,10,9,3.49,0.4832
1,5,0,0.25,0.6683
1,4,0,0.1,0.5269
1,3,0,0.12,0.528
1,11,7,0.81,0.3511
1,6,2,0.27,0.4389
1,3,1,2.98,0.9219
3,94,89,6.81,0.4219
2,12,2,0.25,0.8436
1,10,4,2.3,0.3386
1,5,3,0.12,0.6484
1,3,0,3.54,0.7675
2,48,6,1.17,0.7487
2,19,11,0.61,0.6017
1,9,5,0.31,0.2575
1,3,1,0.3,0.5893
3,6,2,3.55,0.5913
3,22,3,2.55,0.7831
2,5,3,0.1,0.4702
2,3,0,0.1,0.5204
1,5,0,0.24,0.5072
1,8,8,0.23,0.2534
4,20,20,9.41,0.5368
1,3,0,0.1,0.664
1,6,3,0.75,0.1999
1,19,19,0.58,0.5141
1,4,0,0.1,0.6
1,8,0,0.1,0.6794
1,15,5,0.1,0.4778
1,30,30,2.69,0.4555
1,3,2,0.1,0.45
2,7,5,0.1,0.2071
1,6,5,0.1,0.3417
2,11,1,0.1,0.6607
1,4,4,0.72,0.5531
1,3,0,0.12,0.9079
2,4,3,0.1,0.6303
1,3,2,0.14,0.0912
1,43,21,0.82,0.6615
2,18,13,4.76,0.5226
3,8,5,0.41,0.3856
1,9,9,0.43,0.4049
2,17,5,0.1,0.6915
3,3,3,6.8,0.3546
2,9,1,3.98,0.8608
1,19,19,4.01,0.5299
2,27,1,0.96,0.6892
2,34,4,2.34,0.8859
1,3,3,0.17,0.5608
2,5,3,0.22,0.8148
4,204,189,9.83,0.5945
3,13,1,0.81,0.8356
1,3,0,0.1,0.9
2,3,0,0.1,0.9273
1,6,0,0.29,0.582
4,19,5,3.7,0.5881
2,22,19,0.45,0.5047
1,12,9,0.32,0.1772
4,8,3,0.32,0.4519
1,25,4,0.45,0.7742
2,27,2,0.5,0.7839
2,3,2,0.99,0.5532
2,4,0,0.67,0.8007
2,3,0,0.17,0.5262
3,10,3,0.31,0.4265
1,5,3,0.52,0.5359
1,8,7,0.28,0.1501
1,48,10,2.7,0.7141
1,8,0,0.28,0.8003
3,14,2,0.32,0.8014
1,8,8,0.69,0.5
2,13,0,0.69,0.8439
2,12,2,3.34,0.8083
2,27,5,0.12,0.4833
1,3,0,1.29,0.8419
1,3,0,0.16,0.6958
4,15,3,3.76,0.6117
2,6,0,0.26,0.4808
2,7,7,0.12,0.1694
3,7,6,0.12,0.3816
1,5,4,0.26,0.0854
1,8,0,0.1,0.65
1,6,1,0.17,0.8859
6,22,22,9.39,0.5176
1,7,2,0.1,0.5429
1,6,3,0.1,0.4965
4,8,8,3.03,0.5
1,3,2,0.15,0.1833
1,3,3,0.14,0.5992
3,28,27,0.49,0.3582
1,12,10,0.32,0.2417
1,3,2,0.24,0.4684
2,40,22,0.1,0.6173
2,6,1,0.24,0.6846
3,9,7,4.45,0.5611
2,4,1,0.2,0.745
1,12,0,0.16,0.6165
1,18,6,0.6,0.8106
1,3,2,0.1,0.45
1,32,30,0.1,0.409
2,13,3,0.39,0.7638
1,19,2,1.13,0.8005
2,9,2,0.1,0.6143
2,6,0,0.74,0.8587
1,4,4,0.49,0.5505
1,14,10,0.43,0.1658
2,4,2,0.19,0.3696
1,3,2,0.1,0.0762
1,9,0,0.59,0.7581
1,3,3,0.1,0.1685
1,15,6,1.59,0.8587
2,31,31,6.66,0.603
1,4,0,0.21,0.9533
3,29,27,0.48,0.3803
1,76,75,1.94,0.5493
1,7,7,0.71,0.4729
1,10,1,0.27,0.475
2,10,6,3.05,0.5558
3,3,3,1.36,0.3132
2,4,4,0.39,0.317
2,9,9,1.68,0.4589
3,16,15,0.63,0.2717
1,7,1,0.1,0.2977
1,4,1,0.1,0.5354
1,6,3,0.1,0.6243
1,3,0,0.25,0.9368
2,47,10,2.68,0.714
1,9,3,3.27,0.292
2,7,4,0.12,0.2302
1,9,0,0.11,0.8657
4,9,6,2.55,0.271
1,10,8,0.31,0.4676
1,7,7,0.11,0.3286
2,5,5,0.1,0.341
2,3,1,0.21,0.918
2,11,0,0.55,0.7574
1,5,1,0.1,0.4442
2,5,0,0.12,0.5079
2,3,0,0.1,0.4129
1,3,3,0.66,0.3741
2,12,9,2.66,0.5096
2,6,6,0.13,0.1877
1,3,2,0.1,0.1833
2,3,0,3.72,0.6833
1,3,2,3.58,0.5775
2,10,6,0.1,0.2807
3,20,20,0.59,0.2861
1,11,8,2.72,0.5626
2,8,8,0.66,0.4866
2,9,5,3.25,0.4756
2,7,7,0.1,0.1818
1,5,5,0.27,0.5075
1,4,1,0.1,0.9259
2,6,5,0.1,0.3621
2,8,5,0.28,0.5938
1,3,0,0.19,0.5752
1,7,3,0.1,0.559
1,8,0,0.44,0.8741
2,99,97,9.06,0.4694
1,6,1,0.16,0.6953
1,7,3,0.1,0.4143
1,11,0,0.17,0.8188
2,35,24,2.0,0.626
1,3,3,0.25,0.3667
2,4,2,0.1,0.5458
2,4,2,6.52,0.3945
1,7,6,3.15,0.5166
3,6,2,2.8,0.6075
1,10,4,0.4,0.5235
2,4,2,0.1,0.3709
1,4,0,0.1,0.9
1,3,2,0.12,0.6583
2,19,17,1.38,0.4641
2,9,1,0.36,0.4968
2,13,11,0.1,0.4494
1,5,0,0.11,0.5642
2,5,0,0.14,0.8914
1,7,0,0.1,0.9
1,17,16,0.92,0.3971
1,53,27,1.86,0.7205
1,4,0,0.51,0.4712
2,8,2,0.26,0.7508
1,32,1,0.67,0.7232
1,4,4,0.3,0.4627
1,19,0,0.18,0.9339
1,3,2,0.2,0.2784
1,8,5,0.46,0.4692
1,8,0,0.21,0.666
1,6,4,2.21,0.3353
1,13,0,0.15,0.8454
1,15,15,0.96,0.332
1,11,1,0.25,0.7066
1,30,29,0.59,0.3016
2,31,0,0.94,0.8412
2,27,5,0.1,0.8996
3,8,0,3.51,0.8467
1,4,2,0.1,0.4952
1,3,0,0.1,0.7109
1,3,3,2.69,0.5
2,10,4,2.24,0.2675
1,10,10,0.19,0.4682
2,21,0,0.1,0.8045
2,12,2,0.16,0.5117
1,3,0,0.1,0.5977
1,7,6,0.17,0.1334
1,5,2,0.92,0.8895
1,3,1,1.98,0.8071
1,6,0,0.11,0.7
2,8,4,3.28,0.5219
1,28,21,3.97,0.5963
4,52,49,6.95,0.689
1,9,3,0.84,0.2556
2,7,1,5.07,0.9143
2,14,14,0.1,0.5016
2,8,8,0.38,0.5351
1,12,1,0.12,0.6458
3,14,11,4.47,0.5166
1,4,0,0.22,0.4566
1,3,0,0.32,0.7287
2,8,6,0.28,0.5059
1,5,5,0.91,0.5
4,33,14,2.46,0.7109
1,3,3,0.1,0.5889
1,12,3,0.1,0.6708
1,9,6,0.31,0.3032
3,20,2,4.95,0.9195
1,3,2,1.96,0.6744
2,4,3,0.1,0.2743
2,17,10,0.14,0.5049
1,5,5,0.42,0.404
1,7,4,0.23,0.2148
1,3,0,0.15,0.8109
2,33,18,0.8,0.6459
1,7,5,6.99,0.5582
2,6,2,0.13,0.24
1,14,5,1.61,0.8141
1,15,6,1.8,0.5868
2,10,0,1.84,0.82
1,5,5,0.32,0.4455
4,19,5,4.09,0.6708
3,5,0,0.1,0.4696
1,3,1,0.12,0.9148
3,5,2,0.58,0.3773
1,5,4,0.1,0.4815
2,4,4,0.1,0.396
1,3,1,0.13,0.5078
1,3,0,0.8,0.8721
1,8,2,0.21,0.7147
1,4,2,0.11,0.6059
2,4,0,1.91,0.8
1,7,6,0.1,0.2427
3,15,3,3.83,0.6637
1,5,5,0.31,0.4229
2,6,3,0.88,0.5705
2,6,1,0.11,0.4829
1,4,1,0.1,0.498
1,24,4,3.33,0.9545
1,9,0,0.37,0.4233
1,3,2,0.13,0.5895
1,6,6,0.75,0.5322
3,10,7,2.81,0.5712
3,11,3,4.61,0.7034
2,28,0,0.1,0.717
2,5,0,0.12,0.8179
3,5,3,3.7,0.4437
1,10,1,0.1,0.7666
1,4,1,0.12,0.8695
2,18,6,0.47,0.8549
1,8,0,0.28,0.93
3,6,2,5.05,0.9633
1,6,0,0.27,0.8596
1,5,0,0.1,0.6715
1,6,3,0.1,0.6175
1,5,0,0.1,0.5115
1,22,10,0.34,0.6074
1,3,2,0.26,0.4589
2,3,0,0.14,0.8006
2,13,9,0.5,0.5328
4,27,15,9.54,0.5292
1,3,0,0.53,0.8345
1,3,3,0.1,0.5
1,3,1,0.1,0.8688
2,3,3,0.49,0.3769
2,4,0,0.1,0.4876
2,29,5,0.39,0.9194
2,3,2,0.1,0.7885
1,3,2,0.1,0.6108
1,3,3,0.52,0.5058
1,10,9,0.15,0.3335
2,12,12,1.27,0.5737
3,16,10,0.65,0.2512
1,11,4,2.4,0.3151
2,5,2,0.24,0.2116
2,10,3,0.49,0.665
1,4,1,0.1,0.7379
2,3,0,0.2,0.629
1,3,1,0.26,0.568
1,3,3,0.1,0.2333
1,19,12,4.76,0.5223
2,30,22,3.97,0.5468
1,11,11,0.58,0.2667
1,13,12,0.45,0.192
2,3,1,0.28,0.885
1,5,1,0.42,0.7721
1,34,33,0.3,0.4403
1,11,7,0.2,0.4884
1,26,24,1.97,0.2089
1,8,4,0.44,0.625
1,11,6,0.36,0.4089
1,19,9,0.32,0.8766
2,9,9,1.7,0.5786
1,20,18,3.99,0.4735
1,5,5,0.34,0.1779
1,7,1,0.17,0.9427
4,27,14,9.49,0.4827
1,13,0,0.1,0.8095
1,5,1,0.62,0.8723
1,11,2,0.81,0.8229
2,13,0,0.12,0.9463
1,13,2,0.1,0.7242
2,4,1,0.13,0.6723
1,4,0,0.1,0.6
1,3,0,0.11,0.4891
3,6,2,4.82,0.9225
1,3,3,0.12,0.3256
1,27,7,0.22,0.5155
1,5,1,0.13,0.85
2,7,7,0.1,0.1428
1,4,4,0.99,0.5
2,3,0,0.12,0.8294
2,4,4,0.39,0.1903
3,4,4,0.8,0.3559
1,3,1,0.31,0.4818
3,3,2,1.1,0.8053
1,4,1,1.76,0.8373
1,10,4,0.69,0.6482
1,10,10,0.31,0.3591
1,9,8,0.38,0.5169
1,10,7,0.11,0.575
1,5,0,0.21,0.8259
1,21,3,1.33,0.82
2,16,15,0.12,0.4776
1,8,3,0.1,0.4239
1,3,3,0.42,0.5
3,6,5,0.96,0.5148
2,31,5,0.37,0.8955
1,3,3,0.11,0.379
1,10,8,2.08,0.5158
2,6,0,0.1,0.8541
1,3,0,0.19,0.5877
3,8,1,5.71,0.7445
1,3,2,0.18,0.4009
2,5,5,0.27,0.1325
1,7,0,0.26,0.7833
2,22,18,3.28,0.4515
1,5,5,0.1,0.18
1,3,3,0.5,0.5687
4,4,1,3.57,0.6323
1,8,1,0.14,0.6944
1,7,1,0.22,0.5266
1,3,0,0.1,0.9
2,6,2,1.27,0.5786
2,53,50,7.1,0.7121
2,5,0,0.22,0.7548
2,7,3,0.1,0.2067
3,50,2,3.81,0.9257
1,3,3,0.1,0.3667
1,5,1,0.35,0.69
3,12,0,1.6,0.7713
1,4,0,0.27,0.7558
1,3,1,0.1,0.8806
1,3,1,1.7,0.6127
1,26,0,0.6,0.9918
1,5,1,0.27,0.5807
1,5,0,0.3,0.6697
1,5,0,2.29,0.8125
1,6,3,3.11,0.5201
1,14,2,0.1,0.616
1,7,1,0.34,0.8583
1,3,3,0.98,0.3667
2,4,4,0.47,0.6212
2,19,19,3.37,0.5547
1,5,1,0.1,0.5066
1,6,6,0.32,0.5017
2,6,1,0.13,0.5348
1,8,0,0.25,0.5252
1,3,2,0.1,0.2922
1,23,22,0.58,0.525
3,5,0,1.01,0.8586
1,6,0,0.3,0.7583
1,7,0,0.9,0.8272
2,3,3,0.1,0.2457
1,36,20,0.38,0.6201
1,12,2,0.28,0.7456
3,8,5,2.48,0.2348
1,5,4,0.45,0.378
1,5,2,0.16,0.5322
1,8,1,0.1,0.5688
1,6,2,0.1,0.788
4,16,15,9.92,0.4071
2,3,3,0.26,0.593
2,4,1,0.4,0.6142
1,5,5,0.37,0.548
2,5,0,1.21,0.9
2,3,3,0.54,0.3667
1,5,2,0.44,0.8511
2,22,18,5.03,0.4754
2,7,7,2.12,0.5058
3,3,0,3.66,0.6383
2,4,2,0.85,0.6271
1,10,5,0.3,0.5251
1,7,7,0.19,0.3826
2,4,1,0.46,0.8637
2,12,0,0.18,0.8942
2,88,62,0.65,0.4812
2,14,13,0.57,0.2046
1,4,0,3.57,0.6718
1,3,0,0.1,0.4416
1,9,8,0.24,0.5263
1,4,1,0.17,0.6315
1,4,2,0.1,0.6032
1,7,6,0.33,0.3941
1,3,0,0.1,0.6005
4,64,49,1.94,0.403
1,39,22,1.45,0.472
1,12,0,0.1,0.8613
1,6,0,0.1,0.6563
3,6,4,0.4,0.408
2,19,14,3.73,0.5119
1,8,4,0.65,0.575
4,56,3,3.55,0.9303
1,4,2,0.28,0.6175
2,14,11,0.17,0.4756
1,7,6,0.31,0.4667
1,4,4,1.09,0.5336
1,4,3,1.1,0.4893
2,38,34,2.47,0.4557
3,16,11,10.0,0.4117
2,15,2,2.01,0.875
1,3,2,0.89,0.8518
5,202,189,10.0,0.6599
2,20,3,2.38,0.7615
4,52,50,7.18,0.6026
2,3,1,0.62,0.9557
1,6,6,0.1,0.5
2,12,2,0.39,0.8709
2,6,5,1.08,0.5417
1,7,0,0.18,0.8693
2,22,6,0.98,0.7661
1,11,6,0.1,0.1741
2,5,4,0.13,0.244
2,5,3,0.1,0.8068
1,6,5,1.01,0.5718
1,40,22,0.1,0.6525
2,4,1,0.19,0.6371
2,5,1,0.27,0.607
1,19,1,0.1,0.8965
1,9,9,0.6,0.3725
2,31,3,2.68,0.9438
1,3,1,0.1,0.6833
2,9,2,0.1,0.4583
2,6,3,0.1,0.2273
2,9,1,0.3,0.8006
1,4,0,0.1,0.8682
1,4,1,0.1,0.6148
1,7,6,0.13,0.4214
2,27,0,1.08,0.8094
2,9,5,0.26,0.2447
1,3,3,1.64,0.1141
1,3,1,0.21,0.6179
1,23,0,0.8,0.75
2,5,0,0.39,0.8776
3,17,14,4.95,0.4882
1,10,4,0.72,0.655
1,3,3,0.1,0.0371
1,7,1,0.11,0.6929
1,3,0,0.1,0.6778
2,10,10,7.33,0.3874
1,3,0,0.1,0.7563
6,154,154,10.0,0.5936
2,3,2,0.1,0.1488
1,3,3,0.91,0.5
3,3,3,0.1,0.5157
2,3,0,0.1,0.4814
1,5,1,0.1,0.61
3,19,16,3.07,0.5001
4,15,4,3.77,0.6343
1,9,1,0.31,0.4223
2,16,5,0.1,0.6175
1,89,87,1.6,0.4959
4,28,15,9.51,0.5089
1,3,0,0.1,0.5226
4,81,81,5.24,0.5747
1,3,0,0.32,0.8778
2,22,8,0.5,0.8179
1,5,5,0.91,0.4628
3,33,25,1.91,0.6285
2,6,0,0.23,0.8444
2,4,0,1.86,0.8099
2,5,1,2.01,0.6245
1,3,3,0.59,0.5
2,7,0,0.3,0.898
1,11,0,0.69,0.6853
2,17,13,3.82,0.4441
1,18,14,3.9,0.4053
2,6,2,1.08,0.8199
2,3,0,0.16,0.9065
1,5,0,0.1,0.82
1,35,7,3.32,0.9938
1,6,0,0.1,0.4826
2,5,0,0.1,0.8541
2,4,0,0.1,0.9147
1,3,1,0.1,0.927
1,6,5,4.65,0.5023
1,19,3,2.54,0.7931
1,4,1,0.52,0.8845
1,3,3,0.56,0.4217
2,4,3,0.29,0.185
1,10,9,0.2,0.1878
1,13,11,1.41,0.4987
1,5,2,0.1,0.2991
1,18,3,0.57,0.853
2,9,5,2.56,0.3622
5,17,4,3.86,0.5537
1,5,4,0.33,0.2524
1,5,3,0.1,0.5227
1,6,0,0.14,0.8817
1,14,7,0.14,0.5696
1,5,0,0.1,0.58
1,3,0,0.1,0.5749
1,3,1,0.1,0.8167
2,9,9,7.16,0.4043
1,6,0,0.1,0.815
2,3,1,0.28,0.4202
2,7,7,2.88,0.4478
1,10,10,0.15,0.4459
1,4,3,0.1,0.1108
3,9,5,2.48,0.3912
5,202,188,10.0,0.6236
4,85,81,5.06,0.6049
1,30,1,0.63,0.7878
1,18,4,2.64,0.8188
1,3,3,0.68,0.3514
1,5,3,0.29,0.4358
2,3,0,0.41,0.4707
1,6,2,0.1,0.7924
1,20,17,1.46,0.4604
1,3,3,0.1,0.5072
1,5,0,0.1,0.9432
1,3,0,0.83,0.9361
1,30,2,0.68,0.7702
1,4,1,0.1,0.4605
1,49,17,4.6,0.7969
3,3,3,0.74,0.3916
1,4,3,0.1,0.4741
1,13,0,0.1,0.9
2,3,0,0.1,0.6098
2,4,1,0.22,0.5353
1,3,0,0.1,0.8976
1,21,10,0.38,0.6536
6,6,5,4.2,0.3872
1,29,22,0.44,0.5283
2,17,6,0.13,0.7271
3,6,4,6.67,0.5528
4,65,47,2.13,0.299
1,9,0,0.1,0.9142
2,3,3,0.4,0.4487
2,3,3,0.14,0.0702
2,3,0,0.26,0.5564
1,3,0,0.1,0.928
2,6,4,6.82,0.6081
4,6,3,3.77,0.413
2,7,7,6.8,0.55
2,3,2,1.03,0.8307
1,16,6,0.72,0.8133
1,8,7,0.1,0.5436
2,3,2,0.72,0.5702
2,10,10,1.65,0.5571
1,3,3,0.1,0.4483
1,12,12,0.74,0.1392
3,4,3,1.72,0.1243
1,18,3,2.05,0.8513
1,8,8,0.18,0.5365
3,4,4,0.36,0.3032
1,9,0,0.1,0.8712
3,55,51,7.15,0.6509
1,6,4,6.98,0.5114
1,7,2,0.1,0.4704
1,41,22,0.29,0.5905
1,9,5,0.1,0.2363
2,18,16,4.54,0.5333
1,3,3,1.7,0.504
2,10,8,0.13,0.3837
1,7,4,0.37,0.2071
1,19,3,0.72,0.8395
1,3,3,0.1,0.4074
1,9,1,0.47,0.5883
1,19,3,1.11,0.8605
1,3,3,0.36,0.4776
1,3,0,0.28,0.8461
1,5,0,0.1,0.6074
3,8,1,0.1,0.5849
1,7,6,0.19,0.1929
1,5,0,0.1,0.4964
1,10,5,0.1,0.1583
1,19,1,0.1,0.7605
1,5,3,0.78,0.5338
1,3,3,1.0,0.3704
2,45,24,3.83,0.4898
1,5,3,0.13,0.0799
2,8,0,0.1,0.8125
2,7,2,1.55,0.8736
1,5,0,0.12,0.3724
1,3,3,0.38,0.4615
2,3,0,1.08,0.9
1,16,0,0.41,0.7136
1,7,1,1.0,0.4521
4,5,2,1.07,0.6525
1,6,2,0.4,0.8333
1,21,2,0.1,0.8128
3,13,1,0.18,0.7648
2,11,0,0.1,0.8398
3,6,0,3.75,0.796
1,22,3,2.65,0.8174
1,5,1,0.1,0.9015
2,5,4,1.29,0.5462
1,20,0,0.35,0.8
1,24,3,3.0,0.9205
1,5,5,0.98,0.4736
1,6,4,0.13,0.3476
1,4,2,0.25,0.4519
6,203,189,10.0,0.5384
2,9,6,7.05,0.5457
1,3,2,0.1,0.5043
1,3,0,0.1,0.613
1,7,2,4.0,0.7117
1,11,5,0.26,0.6306
2,3,3,0.12,0.2975
1,28,21,4.02,0.5554
2,32,17,0.52,0.4207
1,3,3,0.12,0.1431
1,13,8,0.6,0.5539
2,4,2,0.1,0.8635
1,4,4,0.1,0.2752
1,5,3,0.33,0.4494
1,13,10,0.37,0.1855
1,13,13,0.48,0.4835
4,58,4,3.86,1.0
1,6,0,0.17,0.9
1,9,4,3.95,0.3913
1,3,0,0.14,0.4513
2,5,1,0.15,0.6767
1,7,0,0.1,0.8217
1,16,2,0.42,0.723
6,23,20,9.42,0.5158
1,7,6,1.12,0.558
1,4,3,0.6,0.5588
1,3,1,0.16,0.8879
2,15,13,4.29,0.4613
2,23,8,1.12,0.7827
2,3,1,0.1,0.7452
1,15,3,4.06,0.8916
6,18,5,3.8,0.6133
3,12,10,4.33,0.5183
2,4,4,0.28,0.2157
2,8,8,0.1,0.2505
1,6,3,0.36,0.225
2,9,5,0.1,0.1051
2,23,23,0.86,0.2105
1,9,4,0.23,0.63
2,3,1,0.29,0.5775
3,8,0,3.93,0.8252
1,10,6,1.9,0.5782
1,3,0,0.1,0.6333
1,10,8,0.16,0.2326
3,16,3,0.31,0.7611
1,3,1,0.41,0.68
1,21,21,0.73,0.4619
1,17,2,0.1,0.6851
1,4,0,0.1,0.8282
1,3,0,0.31,0.7998
1,23,23,1.54,0.5185
2,42,10,1.07,1.0
8,18,15,4.84,0.4438
1,6,5,0.1,0.2475
2,9,6,0.19,0.4229
2,6,0,0.18,0.8994
2,5,4,0.1,0.4719
2,5,3,0.1,0.1137
2,7,0,0.1,0.4441
1,3,0,0.26,0.8812
2,101,97,8.91,0.5093
1,4,4,6.71,0.6113
1,6,2,0.12,0.4582
1,3,2,0.1,0.544
2,12,11,7.0,0.3577
1,9,5,0.3,0.5667
1,9,2,0.23,0.5315
1,16,15,0.2,0.544
1,25,1,0.77,0.73
4,23,22,9.33,0.5216
1,10,2,2.73,0.9305
1,32,32,6.72,0.63
1,6,5,0.38,0.5524
2,4,3,1.87,0.3625
3,15,5,3.62,0.5769
1,14,8,0.1,0.5329
1,10,8,0.48,0.3872
1,31,1,0.88,0.772
1,20,6,0.85,0.8213
1,31,31,2.55,0.4768
1,9,2,0.1,0.4728
5,20,20,8.94,0.537
1,13,5,0.2,0.6617
2,20,15,4.61,0.5335
1,5,2,0.53,0.4672
1,5,3,0.48,0.4756
2,42,38,3.21,0.6062
7,17,15,4.91,0.4727
1,6,1,0.51,0.8583
1,3,3,0.7,0.3516
1,17,4,0.44,0.392
1,8,7,0.54,0.4312
1,3,0,0.1,0.9
1,6,2,1.11,0.2319
3,5,0,3.6,0.6243
1,14,13,0.23,0.2696
1,3,0,0.3,0.8831
1,9,7,0.1,0.3642
1,3,1,0.12,0.8718
2,8,1,3.97,0.7908
1,5,3,0.12,0.19
1,6,5,0.49,0.3769
1,8,3,0.86,0.6583
1,24,4,3.0,0.9013
1,3,0,0.46,0.7667
2,6,2,0.33,0.6071
1,3,3,0.1,0.306
1,14,0,0.13,0.8714
1,3,3,0.11,0.514
1,3,0,0.1,0.8252
1,5,0,0.24,0.6063
1,4,2,0.26,0.1661
1,20,19,3.37,0.5491
3,6,1,2.9,0.9444
2,10,3,0.1,0.545
3,24,23,0.61,0.1845
1,10,0,0.16,0.6238
1,13,5,0.13,0.65
1,18,16,0.42,0.5273
1,11,5,2.19,0.4177
1,4,1,0.1,0.4506
1,18,14,3.6,0.506
2,5,5,6.75,0.55
1,4,0,0.29,0.6338
2,19,1,0.13,0.8901
3,5,4,0.17,0.3034
1,19,7,0.34,0.442
1,12,6,1.71,0.8365
1,6,6,0.1,0.5
1,5,4,5.01,0.5524
1,3,3,0.1,0.5906
2,8,0,0.14,0.7167
2,10,4,2.57,0.4501
2,3,0,0.26,0.7581
1,14,2,1.16,0.8643
3,6,4,0.16,0.3779
1,4,1,0.76,0.862
3,9,1,1.5,0.854
2,4,3,0.1,0.3561
1,11,0,0.16,0.8569
1,5,2,0.1,0.8368
2,7,3,0.15,0.3497
3,8,7,3.15,0.4517
2,24,7,0.1,0.4521
1,4,0,3.08,0.8972
1,43,9,0.9,0.9184
1,3,0,0.71,0.9203
2,51,18,4.51,0.7801
1,11,7,0.1,0.6144
1,46,7,1.15,0.7492
2,7,4,0.1,0.4118
1,38,38,1.71,0.62
2,5,5,0.1,0.4445
1,13,11,0.33,0.4645
1,5,0,0.14,0.4652
1,17,6,0.1,0.4353
1,9,2,0.1,0.4261
1,7,0,0.2,0.8612
2,25,6,0.5,0.756
3,19,16,4.61,0.5194
1,9,0,0.57,0.7058
1,10,10,0.1,0.464
2,57,56,0.74,0.5981
1,7,0,0.1,0.5
1,31,16,0.71,0.4592
3,8,8,3.04,0.5658
1,3,1,0.96,0.8303
2,4,0,0.53,1.0
1,3,2,0.1,0.5856
1,3,3,0.44,0.5168
